Ticker,Cluster_coefficient,ER_Cluster_Mean,ER_Cluster_Std,DP_Cluster_Mean,DP_Cluster_Std
BRK-B,0.8,0.038177441715332994,0.010747231462863,0.24222222222222217,0.09985648761831284
PGR,1.0,0.03696337030102815,0.010927757596265342,0.22761904761904758,0.12545617533516681
WELL,0.40215924426450744,0.03746345896063791,0.0118721046047112,0.22530364372469638,0.036783897820043196
WEC,0.6159420289855072,0.03813062385254328,0.009555531075189515,0.22387681159420286,0.05428385196811764
BRO,0.4074074074074074,0.03726996602413794,0.011998051386005307,0.23646723646723647,0.04724102876719475
PPL,0.39878048780487807,0.038559133366361596,0.010911956728357963,0.21252439024390246,0.03478136467400725
ATO,0.4442890442890443,0.036333397865007104,0.011069721060331007,0.20652680652680658,0.02533711469581786
LNT,0.32469935245143383,0.035859349234134565,0.011731240278723055,0.21868640148011104,0.02974931682971696
EVRG,0.44715447154471544,0.03634102654683008,0.011338975626066401,0.2225900116144019,0.031174928721550834
ORI,0.4411764705882353,0.03571975685296731,0.012236033886384072,0.20074626865671644,0.022987259827416996
TOWN,0.5842844600526778,0.03585077994660147,0.011328777059580592,0.20581650570676033,0.022413595882063906
WMT,0.4088419405320814,0.03654532830759363,0.009697038105967132,0.20110328638497652,0.020356062670453073
JPM,0.5448658649398704,0.03745811483298782,0.011775768772852234,0.21660499537465305,0.03107172126770752
COST,0.0,0.03782120557063354,0.009844814964651878,0.23,0.4229525846816507
NFLX,0.4894894894894895,0.03622717089093622,0.01230402878120565,0.21995495495495493,0.03555283095660336
TMUS,0.5839080459770115,0.03605668344961918,0.012252343926809291,0.22294252873563217,0.04541157002281696
AXP,0.4685185185185185,0.037068425891604466,0.010511158903333536,0.19473148148148148,0.022401207214826555
ISRG,0.5410628019323671,0.03853099700132487,0.012836763518700918,0.2145700483091787,0.03275240971466875
T,0.4792682926829268,0.03884716730820856,0.010846042841008067,0.22325609756097567,0.034148213354527134
GS,0.4095904095904096,0.035185806167637564,0.010547776038195412,0.20080919080919085,0.02404988482081048
BSX,0.5738636363636364,0.03596497188381316,0.011596839494592151,0.22232954545454542,0.0402034728232539
WMB,0.4789189189189189,0.03773065629538563,0.013517099158687698,0.20405045045045042,0.021931777335066332
SPG,0.591025641025641,0.036143259970976775,0.011764217624282177,0.21332051282051284,0.03556936284940885
RCL,0.3964429145152037,0.03575184255706004,0.01270233064947706,0.2006913367756741,0.01924585700697652
HLT,0.7075098814229249,0.03806440174956958,0.01311073084332385,0.22865612648221345,0.04646402569936435
BK,0.37293729372937295,0.03666997565503003,0.01092876208175935,0.18443991457969328,0.01722558772144305
KMI,0.4727848101265823,0.03703954422241229,0.011868000113693607,0.19938291139240505,0.017486232776326913
HWM,0.5469387755102041,0.0355026381090908,0.010823310582735337,0.21534693877551025,0.028565184699257968
MPLX,0.5034013605442177,0.03921555646926468,0.01233018503802255,0.21794217687074835,0.02784172946196117
NDAQ,0.44623655913978494,0.03792745481917198,0.011597678943961026,0.1949158485273492,0.016447614333376506
TRGP,0.4284434490481523,0.03638030094552108,0.011358079251823621,0.18901231802911533,0.017327289754052358
GLW,0.42424242424242425,0.035537858083046665,0.009916157698167121,0.23924242424242423,0.0739858638036927
ETR,0.469558599695586,0.035909993956947744,0.010570018806295427,0.20312024353120248,0.02017159722615154
STT,0.4177655677655678,0.03607619517197946,0.010666296373068963,0.18726739926739921,0.01743416783157464
BR,0.8008658008658008,0.03493374505011356,0.012117789343946273,0.22818181818181815,0.05628309368651972
AEE,0.5422781271837875,0.035826448297594696,0.010940286044721855,0.21136268343815512,0.02718987025236179
CVNA,0.5938047925189948,0.035851924633754854,0.010373134214645903,0.2068088836937463,0.030013719468338182
GDDY,0.6108870967741935,0.03659914751938199,0.011612630253003273,0.23187500000000003,0.03474651435322638
FOX,0.45064935064935063,0.039347763530232185,0.011031381389045771,0.21276623376623377,0.02947572256964026
FWONK,0.6818181818181818,0.03769509432922622,0.010717451489582598,0.23454545454545453,0.07969504351034251
UI,0.45539906103286387,0.03777673465599701,0.010730908867734128,0.20185837245696397,0.02413481671206408
NTRA,0.6566666666666666,0.03398914147692597,0.010083439852603742,0.22756666666666667,0.049529446852346726
NI,0.4136798905608755,0.03782503915303707,0.010498707357804758,0.19676880984952128,0.019903703278580563
PODD,0.8,0.033406521140136376,0.011490497162998662,0.2351428571428571,0.06654555067038366
USFD,0.5827937095282146,0.037019132580803714,0.011510248541466341,0.209740980573543,0.03367389494345505
CHWY,0.4666666666666667,0.038503440096368455,0.010573625340671472,0.2353333333333333,0.13713600939560602
SFM,0.4256578947368421,0.03863721581266013,0.009876332907721138,0.19070394736842108,0.019105545951498364
PRMB,0.5331010452961672,0.03712563608728946,0.010757836903748286,0.21526132404181184,0.03556743316350122
TKO,0.6025641025641025,0.035945180294453635,0.011407417609292378,0.23948717948717946,0.0747975349573559
DTM,0.42312105565117614,0.03616327154523584,0.010678911772606535,0.19637119908204248,0.0212566999595723
TLN,0.4592982456140351,0.03619563109422875,0.009740919313310262,0.20005964912280708,0.020291949062540376
EXLS,0.33573910719059075,0.03731216155180485,0.012018947862674226,0.1962175888799786,0.019949187867964648
PLNT,0.5380116959064327,0.03452672949188787,0.009941799119177004,0.2310526315789474,0.054190236321826124
WAY,0.17373737373737375,0.038132459904263116,0.012393909143311295,0.21849494949494958,0.030724107408003347
EAT,0.43671497584541064,0.036007241735967754,0.010122493183230538,0.213536231884058,0.03025427724333815
FSK,0.6041666666666666,0.03885742121876087,0.01232099341834839,0.2225,0.039498467723682144
CORT,0.4703196347031963,0.036054131682255935,0.012790062310179309,0.2025456621004566,0.022894400818821586
PJT,0.4144298496097468,0.03734597192317306,0.010615780947693077,0.18553588425661527,0.015767522843781544
GPI,0.5576470588235294,0.03526434364317294,0.01318386073242539,0.21778823529411767,0.029090262090910396
VIRT,0.5142191142191143,0.03610358040904512,0.010823965518510476,0.20715617715617715,0.024329149665798404
IDCC,0.4888888888888889,0.03678125520561384,0.010627836474300899,0.2237142857142857,0.03083659683452209
TXNM,0.5213137665967854,0.03625764716790558,0.010824344829735206,0.21228511530398325,0.029452207892169957
TGTX,0.6356275303643725,0.03592577477516773,0.012633153507417902,0.21615384615384617,0.033366760884473
AHR,0.3541666666666667,0.03633287587357654,0.010987421247460813,0.20867559523809526,0.023456457839261535
CNO,0.37961432506887055,0.03756933064489627,0.011076496007392599,0.17738292011019285,0.013355020919886414
TDS,0.5566037735849056,0.03758302283193668,0.010258621822609249,0.21553701015965168,0.027782694212632453
GBTG,0.548051948051948,0.03792583971785147,0.013160591531745576,0.21580519480519478,0.028042128943574024
KNTK,0.40476190476190477,0.03460526570118512,0.011448176959923758,0.19748709122203098,0.02158355258519365
FTDR,0.4708860759493671,0.03404492583959315,0.010428202443672829,0.19824683544303798,0.020585101331585413
CARG,0.5632984901277585,0.0352635836353664,0.011368119522680138,0.22312427409988392,0.03140421273238634
AVPT,0.36771929824561406,0.038028602094036794,0.011681736165657436,0.20352631578947367,0.02228388294778805
HTLF,0.2981837418444719,0.03607554354012382,0.010641552152902184,0.18356021865632166,0.01613598732682049
ENVA,0.4217948717948718,0.03611776956322367,0.011766518152876713,0.186021978021978,0.016706391923996727
GCMG,0.483843537414966,0.03765584288529713,0.011571432813352113,0.2157227891156463,0.02929620506268633
RSI,0.5816993464052288,0.03602992106462715,0.011339783236461775,0.22032679738562083,0.05995547557591893
KYN,0.4085526315789474,0.036753986831249676,0.011077685203923675,0.19086842105263158,0.019333592956527364
SYBT,0.3805141225007934,0.03669691360659511,0.010808226856229565,0.1716502697556331,0.013335298831796034
CET,0.4423076923076923,0.03586253298241155,0.012037659694218583,0.21797435897435904,0.031604490128456335
TPB,0.4142405063291139,0.0339620651407357,0.010041204518115321,0.1995822784810127,0.02122543785913954
BBSI,0.5018108651911469,0.037389799215485596,0.011317799369290555,0.19933199195171028,0.02036292814383885
CURLF,0.5,0.038114083946626354,0.01172317385994726,0.24833333333333332,0.20718708235108135
CBL,0.7647058823529411,0.03769652143009021,0.012107265625111743,0.23735294117647054,0.06459437807854562
PRTH,0.9047619047619048,0.0375385112152642,0.011075196446527519,0.22952380952380952,0.12171236019165198
NBN,0.3589531680440771,0.037918609323370454,0.010718427386737278,0.17887603305785124,0.014742673639281213
MS,0.45258999122036875,0.03668293355601426,0.011958290116905159,0.20319139596136965,0.02578966197453841
C,0.6428571428571429,0.03721893091551363,0.011056093399120436,0.23285714285714285,0.11287915104970776
IBKR,0.4636363636363636,0.037147117808005364,0.010701510665194647,0.2148888888888889,0.03317624447753083
EPD,0.695906432748538,0.03543688969389628,0.011829079494278277,0.23643274853801166,0.05689418839822966
ET,0.3968253968253968,0.03690139208638923,0.013440767687337443,0.22261904761904763,0.037761333278866833
DFS,0.42693602693602695,0.03803514630753774,0.011376915239355325,0.21076094276094273,0.029236363907091077
HOOD,0.4199134199134199,0.036593410911992995,0.01313532495885379,0.21614718614718612,0.051608987918498224
BKR,0.6231231231231231,0.03688534378646118,0.012087706473189602,0.22280780780780782,0.03820583550444583
NTRS,0.45214172395557906,0.03873923902211387,0.011730367764006178,0.21289264939185615,0.02633851144128506
EQH,0.6166666666666667,0.036552504664555355,0.012186591950926398,0.2321666666666667,0.04649167527428113
ARCC,0.6432748538011696,0.037845763291761945,0.011239471409708709,0.2411695906432748,0.06158744801500904
UNM,0.3566455696202532,0.03906880972795073,0.01250516472582247,0.19879113924050634,0.020822162984976328
FHN,0.4570048309178744,0.035619534675821664,0.01051009043597183,0.21308212560386475,0.02758175367318716
ONB,0.37590711175616837,0.03846564436825889,0.011472700098865288,0.21600870827285917,0.03026057404633232
LRN,0.8181818181818182,0.03753337235774644,0.010597226436200162,0.2509090909090909,0.08687082236254437
MAIN,0.4782608695652174,0.03690916539124828,0.011145838058684803,0.23197628458498026,0.04508265958026001
SNEX,0.5337763012181617,0.03732146556911438,0.012936260510723165,0.22233665559246954,0.032449153689034796
ATGE,0.39215686274509803,0.03755276481973137,0.01312593476799402,0.23398692810457514,0.05780609656392854
GRND,0.819047619047619,0.037799991896422185,0.01161206964825323,0.23666666666666664,0.06776900768169924
ARIS,0.65,0.03735863744647414,0.010718978669061891,0.2328333333333333,0.05966869812014953
V,0.0,0.036563989295808175,0.01188068348805675,0.0,0.0
TPR,0.16666666666666666,0.0375740639295765,0.01140036800311001,0.25999999999999995,0.2028417638081003
MA,0.7333333333333333,0.036820379219285285,0.010374462116746867,0.2473333333333333,0.14596557255947393
CSCO,0.3660130718954248,0.03688053640541667,0.010867554000853551,0.24424836601307187,0.05928499406249575
CME,1.0,0.0361503229188971,0.010145780235564113,0.28333333333333327,0.2695758817188388
DASH,0.6428571428571429,0.03851314905093736,0.01202462176604865,0.2178571428571428,0.09966703999863892
FTNT,0.5357142857142857,0.03617588418852973,0.012403951169742286,0.22464285714285712,0.10041336436728943
LYV,0.4678362573099415,0.03580112288117731,0.01095914673437071,0.22789473684210523,0.05763136473869982
FFIV,0.3238095238095238,0.035164320078994615,0.012159038357001078,0.22733333333333328,0.07226104596887528
TJX,0.0,0.03676014792664092,0.01153608289769676,0.23333333333333336,0.24389285793231588
ORCL,0.0,0.03593732205955716,0.01108277836411349,0.0,0.0
MSI,0.33509513742071884,0.03776941849175197,0.012273728307090441,0.22209302325581393,0.028314912946310496
PLTR,0.375,0.039382030961941,0.012396859253184997,0.22904411764705881,0.06827141378880403
APP,0.45564516129032256,0.037422585906417095,0.01161485964604715,0.22794354838709677,0.03778120807101699
DOCS,0.5,0.03723889497063808,0.012549162624932894,0.22099999999999997,0.15653766449018075
RKLB,0.31827956989247314,0.03740185401770521,0.012816203135353794,0.22754838709677416,0.041899063201812664
LLYVA,0.27692307692307694,0.03558845807850706,0.009253588785342857,0.21885897435897433,0.038700498716860605
KGS,0.32100840336134456,0.037715715494196375,0.009750059138507662,0.22011764705882353,0.034098407189842014
CAKE,0.9,0.03656856385078361,0.011491469533135247,0.23791666666666664,0.0679730483163631
DSP,0.39705882352941174,0.03641064225948009,0.010588719897632744,0.23205882352941173,0.06487479977303094
BFLY,0.5367647058823529,0.035121686584228214,0.011448639268656854,0.23867647058823532,0.07257566235267295
BAC,0.7121212121212122,0.037152528048940675,0.01141035232016622,0.23439393939393935,0.07875770536631185
SYF,0.4405320813771518,0.035171473412786855,0.011018587337927339,0.20503129890453833,0.023130738515348286
FLS,0.5669515669515669,0.03537491310162471,0.011335517283815759,0.22601139601139608,0.043266155846082524
VCTR,0.6583333333333333,0.03582203605065372,0.010650325195641226,0.22616666666666663,0.06138620360688544
SKYW,0.6600790513833992,0.03818116101033878,0.013693277136771655,0.22636363636363632,0.05277828493504911
ARLP,0.3333333333333333,0.03924593880459332,0.011444171163915412,0.22705128205128206,0.07184052919780458
PM,0.5164835164835165,0.03539158655670228,0.011896348139132462,0.2228571428571428,0.07362678780472733
FI,0.39191919191919194,0.03704489699974549,0.012917207816708683,0.20892255892255893,0.02722481907819597
ADP,0.5221987315010571,0.03906693540024795,0.013048237838495583,0.21986257928118394,0.032369282949013
GEV,0.2956521739130435,0.03701412191226736,0.01173230261346501,0.20230227743271223,0.022149060898431744
GWRE,0.6212121212121212,0.03592174212697361,0.012836258613202025,0.22939393939393937,0.08795369552661898
OGE,0.4018648018648019,0.0385247718887737,0.012978555240163663,0.20510955710955708,0.024165046228377954
BERY,0.5714285714285714,0.03872905887847131,0.011869882672214399,0.2212489795918367,0.027509421093869866
ESE,0.3,0.03684299580448006,0.011599223411335785,0.235,0.1552937912994644
WFC,0.7333333333333333,0.03838132623023948,0.012585772086139025,0.25466666666666665,0.13546445025891707
COF,0.38911290322580644,0.037459514583355384,0.011191373571673248,0.2260282258064516,0.03759281386474038
UAL,0.4458874458874459,0.03563924215561202,0.012876589712541646,0.22562770562770562,0.052025537267641093
TNL,1.0,0.03864931781993326,0.011667075139855876,0.23,0.42295258468165076
GILD,0.35555555555555557,0.0380502614723303,0.010310141970745871,0.22599999999999995,0.08989636687682698
EXPE,1.0,0.035393595362125455,0.00950202472692138,0.16,0.3684529491774706
DUOL,1.0,0.037974817045310416,0.01135981422968734,0.24166666666666667,0.22143167463573615
CFR,0.45454545454545453,0.03810409661941625,0.012339031140915266,0.22432900432900432,0.049840571769146386
WH,0.2857142857142857,0.03724933982694487,0.012067203118902262,0.22485714285714287,0.05408094507298033
INTA,0.3238095238095238,0.034150440628046716,0.010835236131329612,0.23571428571428568,0.07197800550217665
TVTX,0.5735294117647058,0.03543127429009535,0.014041476884326012,0.23698529411764702,0.06789022629609691
AJG,0.7,0.03789204184418475,0.010740750947223704,0.23800000000000002,0.16439666245475495
DGX,0.7090909090909091,0.038510138591528166,0.012592202967834358,0.23363636363636367,0.0907942341469807
LTH,0.4666666666666667,0.037094414481599114,0.008668815590601854,0.24666666666666662,0.11967032904743341
PBI,0.6666666666666666,0.037916102147646,0.011397368555780408,0.2366666666666667,0.19271234298312898
IBM,0.0,0.03690908462891321,0.009936050711179107,0.0,0.0
MRK,0.5,0.037691119928918194,0.011019138230497983,0.2583333333333334,0.20013323283913703
ROIC,0.4676328502415459,0.03688001281352385,0.01080943195075153,0.2181642512077295,0.032596087284139104
AMP,0.42105263157894735,0.03757807921604289,0.012358029034678057,0.21750337381916332,0.03113592084832629
ARES,0.6799242424242424,0.037517293073313925,0.012198817814856336,0.2266856060606061,0.03727391922854146
VST,0.75,0.035042256232905265,0.010128927052419998,0.2391911764705882,0.05994051457759068
TPL,0.5864661654135338,0.03848724064644824,0.012189968439967901,0.2087531328320802,0.025739120077714592
CCL,0.49523809523809526,0.036959720183699335,0.011983337231732605,0.23119047619047617,0.051702612827208005
HBAN,0.48244073748902544,0.037721258102374165,0.013688789905311546,0.20447322212467078,0.022335901509567904
TOST,0.572463768115942,0.034984688344728926,0.011565347850425943,0.22713768115942032,0.04934843658497181
SF,0.4661392405063291,0.03520403151697846,0.010695524311570514,0.19633544303797465,0.024824003924948223
AIT,0.4384313725490196,0.034806519183441034,0.012919917745417835,0.21676078431372547,0.027900494092960828
WTFC,0.37300435413642963,0.03663578965977663,0.011486870746993135,0.21391872278664736,0.02586196707775647
ZION,0.47988505747126436,0.03853004104464295,0.012325213918418992,0.19501828631138982,0.01921053592742412
SNV,0.442970297029703,0.03767521121219728,0.011988724972720823,0.18756831683168318,0.018179333367520815
PRIM,0.5435435435435435,0.038467942086449554,0.012542560697200902,0.22576576576576574,0.03588120548533071
BTSG,0.7536231884057971,0.03758984067406359,0.01153380880551654,0.22858695652173913,0.047967873718367034
EE,0.43478260869565216,0.03708969692179164,0.012712430393746926,0.20098891730605284,0.022026966833676824
PAYO,0.46279155868196964,0.03783252851750178,0.012974640638281925,0.20034431691965937,0.02187518787236416
SMR,1.0,0.0364732562949304,0.010527318438390217,0.22305555555555556,0.10184840826746772
PWP,0.47860901395561656,0.03537788159173335,0.010469548023627371,0.1926858842370167,0.017832464371739905
AGX,0.6912878787878788,0.036208213808694927,0.011776367320019385,0.22435606060606067,0.03547571289744564
KKR,0.458018018018018,0.0368266220046991,0.010327624064446206,0.20369009009009006,0.023430401111097936
CMI,0.5828877005347594,0.03537340385114207,0.01224683942913247,0.22213903743315508,0.03920813966334284
WAB,0.4444444444444444,0.03580080807460898,0.011091762533424279,0.24583333333333335,0.09944156019116716
JEF,0.44932844932844934,0.034311819833211125,0.010752380198087686,0.19137973137973133,0.017293481646236418
HLI,0.38672930123311805,0.03785343104465611,0.012024961450252687,0.17224075161479743,0.013582796281308493
CRS,0.45772187281621246,0.03746549995536886,0.011532711583149512,0.21700209643605872,0.02780712671750131
R,0.4340940847694457,0.037561514615278443,0.012743942235093491,0.17926408942710761,0.014719336971763364
QTWO,0.4554865424430642,0.035647426281618315,0.013573016643086452,0.20247619047619042,0.022083802305293162
MC,0.6927738927738928,0.03484080173349946,0.010582957586521143,0.2063543123543123,0.026596396619321314
CALM,0.6574712643678161,0.03577784960949469,0.010284289872269531,0.22429885057471263,0.04464368198719544
WLFC,0.4360613810741688,0.03831339755693096,0.010685228727063343,0.20184143222506393,0.026547588289726316
LMB,0.6003016591251885,0.036696230577141956,0.011867248215741354,0.21512820512820516,0.0263324426129027
CBRE,0.5330216247808299,0.0368340121029824,0.011482491010280177,0.2088310929281122,0.02821194476785765
MMSI,0.6274509803921569,0.03654647949913436,0.013013775349875148,0.22960784313725488,0.05778858935489523
RL,0.6666666666666666,0.03745759730640176,0.010582071712389951,0.26,0.2662454585903345
SLM,0.5454545454545454,0.036715636057671544,0.011388949319370295,0.22606060606060605,0.07885260226777269
SSNC,0.3333333333333333,0.03629605149213676,0.012194626169982287,0.28,0.2130427313644035
COMP,1.0,0.037030583477332644,0.012307982310573359,0.26,0.44084400227680803
KOS,0.5,0.03555093895780967,0.010084693171485373,0.244,0.16163307992255957
TFC,0.6548076923076923,0.03800110018282474,0.011615838463444944,0.20690384615384616,0.026545766029647196
CFG,0.5392156862745098,0.03606288957533828,0.011341813409230043,0.19578991596638656,0.020750855278592363
GMED,0.3055555555555556,0.037355794386363654,0.010087720560877486,0.2286111111111111,0.09325144382011187
COOP,0.6483516483516484,0.035574069514407315,0.010755925037520533,0.23494505494505494,0.070177922091756
HWC,0.6998299319727891,0.03646833468216901,0.009804376872662517,0.21738945578231295,0.031873321821159525
SANM,0.3333333333333333,0.03864775551119337,0.012667855562459411,0.2866666666666666,0.29595097722480035
MWA,0.524731182795699,0.037881757310915365,0.011027530494641436,0.2190752688172043,0.04303535193145193
CASH,0.4406779661016949,0.036025512827579084,0.010834046540038219,0.1785215781227745,0.014947946292602493
NOW,0.3333333333333333,0.03771261200272314,0.011690463117877633,0.20952380952380945,0.09993240804144754
BLK,0.5615615615615616,0.03755190864930642,0.010174858086614735,0.21855855855855857,0.03434265068241141
BX,0.5204081632653061,0.03606496429113203,0.0117650387759503,0.20892857142857144,0.031084003395865825
LITE,0.6190476190476191,0.036429761157149416,0.011139203279278708,0.22238095238095235,0.12681355788176138
VCYT,0.4358974358974359,0.03684090328119109,0.011820644310206206,0.22730769230769232,0.07631319569068215
PAR,0.4173387096774194,0.03704160352106701,0.011432763295155544,0.22826612903225807,0.03917034476269178
BKE,1.0,0.0364384895641512,0.011965014369670441,0.24,0.42923469599092784
PX,0.47435897435897434,0.039355670076743995,0.012384514167597149,0.21683333333333332,0.03605832843549495
RTX,0.2,0.03497721126589659,0.011806297911623605,0.20900000000000002,0.1621166807636345
DUK,0.48366013071895425,0.03631100055675493,0.009340679192517907,0.22627450980392155,0.05308024641916544
MMM,0.42424242424242425,0.037038096513782384,0.01198828958742671,0.23106060606060602,0.08772547660369832
SN,0.3,0.03798126379315089,0.0112981059065225,0.24100000000000005,0.15115381155457094
BKV,0.0,0.038452239255702965,0.012375711014129128,0.23333333333333336,0.27009579711355425
BKNG,1.0,0.037471929408401584,0.011798183883002168,0.24,0.19864863317244208
APO,0.3466666666666667,0.03790970597236006,0.011203502626285635,0.2292333333333333,0.046807999066991145
SPGI,0.6071428571428571,0.03633346105167302,0.013228628699800857,0.225,0.09836584789947621
MCO,0.34285714285714286,0.03700998325306725,0.01185049432489182,0.21742857142857142,0.06343511154238107
REG,0.4187192118226601,0.03493707972544052,0.010282592098908893,0.21943349753694583,0.040402545241695426
GLPI,0.5333333333333333,0.036459383596412605,0.011576722944714644,0.22266666666666665,0.12542900567958273
JLL,0.44731182795698926,0.0373845715420714,0.012685599574257897,0.2222795698924731,0.04043616167127867
COKE,0.23809523809523808,0.036936566018764036,0.012403028684906834,0.22238095238095235,0.13177384570530473
ADC,0.28591749644381226,0.03894609208247937,0.010719328365687751,0.21652916073968712,0.03744327386450604
FCPT,0.4150197628458498,0.03488655634134549,0.012703618261042486,0.22841897233201583,0.05516257933545817
NFG,0.8333333333333334,0.03460339840818854,0.011535053086381544,0.24,0.17459267973181794
BCSF,0.8,0.034565516732634485,0.01186221244776777,0.24266666666666667,0.1196778316541959
PNC,0.44635854341736697,0.03513316252178953,0.010454731917486361,0.17765966386554624,0.014093230875702158
MTB,0.4650858849887976,0.038526592841661274,0.011205039601284378,0.18503174010455564,0.014513394456293707
TPG,0.543859649122807,0.03641393785455805,0.010584469318281565,0.22146198830409358,0.05799703487002187
EVR,0.5284810126582279,0.03760253170664706,0.010566227926254328,0.19926898734177215,0.0217087058254676
VNO,0.6666666666666666,0.03515426228548395,0.01175100679515793,0.22480952380952385,0.05008202347026068
ALSN,0.526595744680851,0.03842292946594549,0.010801286132448518,0.21917553191489364,0.02627406985110811
UMBF,0.44417631917631917,0.0361646885629751,0.01150059344899312,0.18120656370656374,0.015737033100740396
COLB,0.47801256424900057,0.03564129338982172,0.009880681625226404,0.18756900818579866,0.016615145834651415
GBCI,0.5906759906759906,0.03758632318898223,0.009846953012491081,0.20710489510489505,0.024544202891379974
CUZ,0.46449570330167345,0.03797797298718519,0.01326416210142039,0.20881953867028494,0.024466658129093297
SFBS,0.4964525765496639,0.038893473505535875,0.012016820386009585,0.1878846153846154,0.018899810735848902
DORM,0.5192012288786483,0.035293572438707954,0.012304716841075728,0.2053609831029186,0.02410158054074066
TCBI,0.5703211517165006,0.036020157558776855,0.011097561559698679,0.21782945736434112,0.03480804417595117
DEI,0.5780780780780781,0.035940772368232225,0.011277563649913617,0.2246396396396396,0.03565542457803345
SFNC,0.7294117647058823,0.03643844726865347,0.010382128804993932,0.22552941176470584,0.03415880067437601
BANR,0.40601503759398494,0.034896196054974286,0.011493695394441929,0.1713078149920255,0.013177827872695013
HBI,0.6,0.03727943879283803,0.011377564572862953,0.264,0.1560367737024665
VBTX,0.565068493150685,0.03653735743519436,0.011208710029238539,0.2030936073059361,0.02094818546741127
DCOM,0.4538834951456311,0.03732453675995054,0.012200662585393741,0.18410380881254668,0.015505164950769267
CMPO,0.4175475687103594,0.03818700303567547,0.01146429276113391,0.2182029598308668,0.03393629986605258
TMP,0.5145723841376015,0.036034258168558916,0.010346809117569812,0.1935045389393216,0.015540455804118655
AROC,0.6222222222222222,0.03632993924267311,0.010950179345606234,0.24088888888888887,0.08384809214542978
DXPE,0.9,0.03435836213140081,0.011597063750840417,0.254,0.1702167364677674
VFC,0.0,0.03793875484556486,0.011194905628298283,0.17,0.3775251680686369
PH,0.49473684210526314,0.03544770064032246,0.011079381442649633,0.23536842105263156,0.05517552100363284
PAYX,0.7233201581027668,0.03747885072812442,0.013212573230872477,0.22810276679841898,0.04441118817645832
RDDT,0.3055555555555556,0.0377306145543717,0.01086674027771442,0.23527777777777775,0.10238268465162152
EXEL,0.6666666666666666,0.0363715710807643,0.012131087095701557,0.22833333333333333,0.1767251030982735
PNFP,0.39271371199082045,0.035748456857934756,0.01213968770203204,0.19349684452094087,0.01890635839364938
CMA,0.6856060606060606,0.036281348511549266,0.010599991138630197,0.22640151515151516,0.04216149188979297
AWI,0.7279411764705882,0.038277358370390036,0.012335367284400867,0.22985294117647062,0.06263306759929371
THG,0.5,0.03622793881079569,0.012835840395457666,0.23090909090909087,0.07322424831197588
CVCO,0.0,0.038245879041163625,0.011595412007134532,0.21666666666666667,0.2478866907435965
XEL,0.8571428571428571,0.03710954711413986,0.014517249718697582,0.23285714285714282,0.12999585064391658
CWAN,0.7065217391304348,0.0362056598895983,0.010620220118785217,0.23083333333333333,0.0470980568128431
SKT,0.6,0.034683563258153784,0.01153344688290571,0.24100000000000002,0.1589708060359422
IVT,0.5850649350649351,0.03623494915356437,0.01121430303353557,0.2177922077922078,0.027435593732945122
OKE,0.5121212121212121,0.036803909836938174,0.013313349931297656,0.2152121212121212,0.03076672069510029
RF,0.5873417721518988,0.03681932578582894,0.011267458852540128,0.19948417721518982,0.021702831961831433
PKG,0.5238095238095238,0.037891337448716755,0.012195644258304007,0.23466666666666666,0.055541453580235434
CW,0.3954022988505747,0.036410367345221226,0.010931037651022102,0.2250344827586207,0.038874200443907825
DRS,0.6904761904761905,0.03634864861875039,0.010990756061359176,0.23023809523809521,0.047836803701332184
STEP,0.3559577677224736,0.03907215246966249,0.010738973589592849,0.21186274509803923,0.02950065050211503
CADE,0.5495557074504442,0.036630436560387454,0.010175428519750807,0.19984962406015036,0.021210880846780102
VERX,0.7684210526315789,0.035587128354087595,0.010836244149789563,0.23647368421052628,0.059108418071200985
PIPR,0.44336633663366337,0.03680958054730993,0.011775853480906174,0.18771089108910893,0.015292898667394705
ROAD,0.45714285714285713,0.03407827866309478,0.010345275680762015,0.22966666666666669,0.05839126512478708
KTB,1.0,0.037387695763850974,0.011240064380635564,0.256,0.18219758394654853
PLXS,0.5968253968253968,0.035804382882527686,0.011922915922023132,0.224984126984127,0.04005349779687371
GVA,0.3482642777155655,0.03755013244254948,0.013115126765857845,0.19201343784994404,0.0172627048254605
FBK,0.4780650542118432,0.036886738141929144,0.013207288262833143,0.18162969140950788,0.014770339301001776
WWW,0.8636363636363636,0.036300473569835436,0.01023425578226714,0.23242424242424242,0.07801116998364062
USB,0.7661538461538462,0.03641443666825102,0.010595006615771457,0.2243692307692308,0.05179543492504693
EWBC,0.5458823529411765,0.03384696488478048,0.010425194877118188,0.21476862745098035,0.03430448201900417
BANF,0.5119191919191919,0.03564821564351508,0.010185564193981174,0.18435353535353535,0.01759518831822144
CATY,0.6309523809523809,0.0377637076533227,0.013066322945639483,0.21106292517006797,0.028474320835692533
FHI,0.0,0.03655344953841164,0.013352347558623502,0.0,0.0
LC,0.8095238095238095,0.03725239944889938,0.012013761640929857,0.2571428571428571,0.13124175470016822
FMCCT,0.4166666666666667,0.03764714240653362,0.012588982849183548,0.2358333333333333,0.09610306629624309
AXON,0.4528735632183908,0.0366479855612988,0.011523626824118179,0.22774712643678158,0.044270254020151945
SOFI,0.45,0.03612702815095366,0.011998748371729987,0.24191666666666667,0.06480410565688548
SEIC,0.36796536796536794,0.035599645696863316,0.01202710784343769,0.2281385281385281,0.05095283215536051
DAVE,0.6,0.03675520251314754,0.011825232026877961,0.2566666666666666,0.11999812942799457
LMT,0.0,0.03918503445415983,0.011426871855895818,0.0,0.0
SO,0.45454545454545453,0.03740471855120436,0.011726949494291079,0.2522727272727272,0.08283094241961785
AFL,0.3225806451612903,0.03833042490685509,0.013870793270468099,0.22701075268817203,0.044732895506558186
AEP,0.6666666666666666,0.03707053780915868,0.01353616244595337,0.2433333333333333,0.2544993544914959
D,0.6666666666666666,0.03768781221696492,0.010320902742139232,0.21999999999999997,0.2730712383876557
AVB,0.3941798941798942,0.03764999115885507,0.011149836828071436,0.2315873015873016,0.04420767178596546
VTR,0.41333333333333333,0.03661931131578894,0.010456051664075292,0.2323666666666667,0.04711495839064954
EQR,0.7032967032967034,0.037060810675943426,0.010779708947193727,0.22615384615384612,0.07274510984345767
ESS,0.8,0.038397415114123035,0.012452177292998802,0.22866666666666663,0.08189640300733203
DOC,0.0,0.03866415853534124,0.012088150258753073,0.24166666666666664,0.19299604852813632
CPT,0.6923076923076923,0.03745607118866796,0.010552718885956812,0.24494505494505497,0.06908331681827787
PNW,0.39655172413793105,0.037484467279370624,0.011109077926651018,0.22790640394088674,0.04074893414632463
NFE,0.6538461538461539,0.03689087100237952,0.010896590839575818,0.25243589743589745,0.07743280566578542
CVLT,0.5978260869565217,0.037150105153292666,0.01122318073968361,0.23373188405797102,0.04930757674483288
MO,0.3915343915343915,0.03597626250526921,0.011193214826507297,0.23185185185185186,0.04469764817238096
IP,0.4835164835164835,0.03542358234154734,0.011668950885206059,0.2402197802197802,0.07678849047935925
TYL,0.4308300395256917,0.03867034452403944,0.013025026111923105,0.23071146245059293,0.05086841259268808
EL,0.3333333333333333,0.037583102561901796,0.013022895860093595,0.24666666666666665,0.1416592392586522
MAA,0.5421052631578948,0.03745327946958195,0.011157088578257056,0.23236842105263159,0.0562865669683825
PPC,0.5,0.03749072519212389,0.011947707068724845,0.24333333333333335,0.1763516026764555
ACIW,0.38289744343226567,0.038577028203102645,0.010156950791588772,0.19430796356156335,0.019508186433139715
IRT,0.7777777777777778,0.03596323094766927,0.012329943531038137,0.2393333333333333,0.08193050443547874
CPK,0.5333333333333333,0.03891099878046402,0.010618118691543362,0.22093589743589745,0.03589977376114574
BKU,0.6069906223358909,0.038315608439005215,0.01233246003264285,0.20628303495311168,0.020035687204727187
NBTB,0.6586059743954481,0.03798008292007432,0.011681625018061505,0.22453769559032719,0.037028743940734535
LMAT,0.5272727272727272,0.03592048635548019,0.01192541164978387,0.24818181818181817,0.08753614210697698
BY,0.6112994350282486,0.03727681449023304,0.011275528830341174,0.20636158192090392,0.024145503145339208
UVSP,0.4677046076162424,0.03736655504945413,0.01151815747880896,0.18590153587208078,0.016874325033686736
CTAS,0.23636363636363636,0.03775409511700392,0.012775604172524707,0.23600000000000002,0.09022626944412858
FICO,0.525691699604743,0.03625589559206335,0.010216419224300886,0.23391304347826086,0.05123848229868749
FITB,0.545662100456621,0.03542793765083879,0.01130466328211839,0.19915525114155247,0.0183056154203385
CINF,0.5885057471264368,0.03683611170041775,0.01163884452110347,0.22108045977011492,0.04069254126036068
KIM,0.4631578947368421,0.035204097157033494,0.011441711753210546,0.23331578947368425,0.06431274056522149
FTAI,1.0,0.036298198991852326,0.009508414821866495,0.23,0.4229525846816507
OHI,0.27586206896551724,0.03688657995443582,0.00981648054550541,0.2250985221674877,0.046823419232736314
VNOM,0.8571428571428571,0.03700775474604527,0.011726756509014117,0.22678571428571426,0.10712782482329626
ARMK,0.9,0.03765689989992451,0.011522635015685862,0.23800000000000002,0.177968332218761
WAL,0.5507951963648167,0.037995419958218764,0.011171936116797494,0.19762414800389483,0.020175264225896824
MLI,0.7560975609756098,0.03639479721435018,0.012388379055255453,0.2195005807200929,0.03354881116909644
BRX,0.4393939393939394,0.03568378012777092,0.01089686193549497,0.22829545454545458,0.043763021017837155
INGR,0.6190476190476191,0.03749554456354846,0.011791567623450796,0.22999999999999995,0.1124542606627194
CSWI,0.4666666666666667,0.03650064456661401,0.011636883149162036,0.23958333333333337,0.06875286954525658
KRG,0.42857142857142855,0.03581986770454754,0.011347992855830234,0.2464285714285714,0.10471023912932245
SLG,0.48484848484848486,0.0369581370840566,0.01112689849613377,0.24500000000000002,0.0813815452887786
ABCB,0.5105112279025322,0.0369075412764718,0.011756938003677511,0.1903440038222647,0.01748032276195215
CNS,0.43790849673202614,0.03643544579235566,0.01258359933801291,0.2375816993464052,0.06387280617745782
SBRA,0.475,0.036353490102129765,0.010590239142106538,0.223,0.06288874611826605
CNK,0.6263157894736842,0.037853351696558894,0.010932815465327707,0.22936842105263155,0.052950548605906006
CDP,0.43137254901960786,0.035827371975460494,0.011855477313053274,0.23281045751633983,0.06393631132117329
AKR,0.4448087431693989,0.03729319237968456,0.01199735914949976,0.20585792349726773,0.023335042819585983
UE,0.44086021505376344,0.03674782360495669,0.0131952135421704,0.22615053763440862,0.040719599354348525
AAT,0.6,0.03705699445685265,0.010404662571662785,0.23799999999999996,0.14839356776486065
PRM,0.3790849673202614,0.03760769978609945,0.013484270578041075,0.22516339869281043,0.050987120641141546
SASR,0.49157509157509155,0.03737289538295277,0.011900265826973835,0.19398290598290596,0.019421617153379592
QCRH,0.5104895104895105,0.036861601765123014,0.012129583985255463,0.2009290709290709,0.019653255358604238
FBMS,0.5388151174668029,0.034996945318154046,0.012671110817309575,0.19195607763023495,0.01838730838155133
DTE,0.6666666666666666,0.03590672613954484,0.011345002939185136,0.2533333333333333,0.18874028616831018
CMS,0.4888888888888889,0.03690549201938351,0.011128458745234803,0.23355555555555554,0.09514960883185736
EPRT,0.28678678678678676,0.03579202722588364,0.011080532519950679,0.21678678678678676,0.038820130061522067
EFC,1.0,0.036297282103918256,0.012128732935756373,0.26,0.44084400227680803
RDW,0.6666666666666666,0.03705664067137397,0.01148644948026473,0.2693333333333333,0.14798914025738158
KEY,0.716500553709856,0.037987412016966274,0.011855901514536608,0.2205094130675526,0.03258797817761751
MSTR,0.3333333333333333,0.03625783948058544,0.010109954958389207,0.2833333333333333,0.289645473917973
OWL,0.0,0.03607595077134154,0.011740263776776942,0.2,0.40201512610368484
RJF,0.41818181818181815,0.037430404564101655,0.011860676520164065,0.23872727272727276,0.0814205212292034
MIR,0.9333333333333333,0.03731474208425987,0.01139315942209869,0.29,0.1583798443116266
TGNA,1.0,0.037863031170648875,0.011352823588229224,0.16,0.3684529491774707
HIG,0.16666666666666666,0.03536956125303137,0.010866660459946309,0.23666666666666664,0.22244937884919533
EHC,0.047619047619047616,0.03589185517998614,0.011321975899499112,0.2523809523809523,0.1159530451657218
HLNE,0.6,0.03651949548995982,0.010594117761567044,0.256,0.1782745584255313
BKH,0.5333333333333333,0.037013955644475474,0.012627760364356823,0.24888888888888883,0.09704449042236672
MRVL,0.0,0.03692503278271586,0.011611324984271013,0.21,0.40936018074033237
CRDO,0.0,0.03581803196214462,0.009908076327167318,0.24,0.42923469599092784
IONQ,0.3333333333333333,0.03782372266135611,0.011157247785859812,0.2133333333333334,0.1925666908249289
GHC,0.6043956043956044,0.03980720445069534,0.012615845963282633,0.23285714285714282,0.07432944137107572
REGN,0.0,0.03809393837004499,0.012510063715159305,0.0,0.0
MYGN,0.0,0.03781325508182316,0.012894450777471393,0.0,0.0
FCNCA,0.8809523809523809,0.03582326009267825,0.011918066921490863,0.22680952380952377,0.05237725729238139
SSB,0.6491582491582492,0.03590339557645761,0.012107419794447906,0.20927272727272725,0.025767756557827533
CBSH,0.6678765880217786,0.03670126415852801,0.009385983924088029,0.20992740471869328,0.023645115149669403
PB,0.5566905005107252,0.03474192245448707,0.010036639273237714,0.19712717058222676,0.018369598840760937
BOKF,0.5762562444901558,0.03738051852502648,0.010763240742375682,0.1978548339700264,0.019859747716244398
IDA,0.62,0.03853818999620074,0.012106508289053764,0.22813333333333333,0.053186498206502154
HOMB,0.6214035087719298,0.03649348514486271,0.011690203622356626,0.19949824561403506,0.023041192311764106
CRVL,0.8113207547169812,0.03658854599207153,0.010939221144051114,0.21605224963715533,0.029313344630980086
FULT,0.7630252100840336,0.03824340934813908,0.01188916202646304,0.22124369747899156,0.03608716108144135
EBC,0.542441209406495,0.038768078019184304,0.010321679997550718,0.19091601343784995,0.016698927088844434
FHB,0.6659678546471,0.036282775345864084,0.010082478671524482,0.20948287910552066,0.02643549229025999
CBU,0.5830369357045143,0.03642698910376566,0.009931133149011272,0.19288645690834474,0.01958320578386916
FIBK,0.6025293586269196,0.036297604185672114,0.011898339735026596,0.1994007828967179,0.020769502642073997
INDB,0.6701923076923076,0.03649439666668479,0.012028470968424042,0.20762500000000003,0.024840356410216338
PRK,0.6941678520625889,0.03707677306253836,0.012274251644913284,0.22069701280227597,0.03753039801487612
FFBC,0.5565117613310384,0.03744236002674036,0.0118585980657424,0.19970166379804938,0.02110838528919143
IBTX,0.42502004811547717,0.03680540349080659,0.011418351358655043,0.19442662389735366,0.020654487752139836
PFS,0.6352201257861635,0.036738934284156456,0.010915265766035707,0.21133473095737249,0.030178432577017203
LGND,0.8677248677248677,0.03909524338531043,0.012540635671454995,0.2264550264550264,0.049851470909450794
TRMK,0.7032467532467532,0.036383075070407236,0.01226038870021497,0.21350000000000002,0.026306946654107426
EFSC,0.5195968645016797,0.03800596706690636,0.011435077947334279,0.1919552071668533,0.017794030025291167
NIC,0.632788868723533,0.03680424137115673,0.011576909956430674,0.21136116152450093,0.03073814860605342
CHCO,0.6415094339622641,0.0363710456110926,0.01247264696628923,0.20873730043541364,0.02628589581179567
GABC,0.6561085972850679,0.03768249872874191,0.010923226926347517,0.2149396681749623,0.029563918583625698
BHLB,0.5451505016722408,0.035822459006572965,0.010294094526994006,0.19037744863831818,0.01807332593333238
RBCAA,0.5927230046948356,0.037463550572856205,0.0129400840810218,0.2054460093896714,0.020737893759121915
PFBC,0.6512096774193549,0.03860144506158315,0.011233608860320654,0.21840725806451608,0.041132161751063406
OCFC,0.7833333333333333,0.034432644569357726,0.011615571204845247,0.217,0.0319792612221448
PFC,0.7223529411764706,0.03633198178016542,0.01154863675063649,0.21618039215686274,0.03274017560604931
AMAL,0.7010535557506584,0.038140008751266635,0.011222868461021787,0.2032572431957858,0.024491658589875384
CTBI,0.5274914089347079,0.03551202339849601,0.010495357035798323,0.19146048109965633,0.017006710660474364
HFWA,0.5777395295467584,0.035401269288269456,0.013605901274657998,0.19608146873207116,0.019921418563511723
PEG,0.4888888888888889,0.034757226737445454,0.013047051849769719,0.24155555555555552,0.08484958045361808
LII,0.8095238095238095,0.034938452613214294,0.01098816357120855,0.2595238095238095,0.11827551446698786
DLTR,0.5636363636363636,0.03752125089427918,0.012378751569862316,0.23399999999999999,0.08491359170709392
CHRW,0.45751633986928103,0.035874020278882285,0.011113274125282088,0.2413725490196078,0.05546911904667147
CAVA,1.0,0.0357218737295416,0.010294624782486082,0.25,0.4351941398892446
BDC,0.6,0.039150734592623776,0.011081674156019137,0.24866666666666665,0.13726689249608992
ADMA,0.6515151515151515,0.03554287804717858,0.010098831403102524,0.2362121212121213,0.07287427114339762
CORZ,0.6666666666666666,0.03808984663737755,0.012763808804234698,0.26499999999999996,0.21200634215361525
EIG,0.8888888888888888,0.035904282230057455,0.009361873762093761,0.2384444444444444,0.0845669263544946
MTZ,0.4230769230769231,0.035709211707810676,0.0103003084140131,0.23653846153846153,0.07454172454065132
COTY,0.42857142857142855,0.03637806254927451,0.009866420473755683,0.23714285714285707,0.13141267653847497
MDU,0.6209150326797386,0.03807296862482839,0.012409878121930333,0.24098039215686273,0.0637462153106978
WGS,0.7058823529411765,0.03607259597346978,0.011979765440992152,0.24161764705882352,0.0598636138786387
PYPL,0.0,0.037779669555810476,0.011438288705292461,0.0,0.0
GD,0.0,0.03628149280764283,0.009461205868768684,0.0,0.0
PAY,0.0,0.03783795720072345,0.01244756803998788,0.0,0.0
CRK,0.6,0.03631134136678587,0.011881667126072614,0.27099999999999996,0.16654237789933118
UTI,0.7,0.03614194229818669,0.011924471453958788,0.267,0.1694047809183076
LQDT,0.5,0.03587461038312696,0.010126498148953689,0.235,0.18363916945106754
CLOV,1.0,0.03591571702101341,0.01087831502982368,0.32,0.4688261722621506
IESC,0.5,0.03687202307157669,0.01039920371609278,0.24833333333333332,0.20853693754581623
ATMU,0.6666666666666666,0.03531429589330131,0.009594401152788862,0.24000000000000005,0.2042203427002683
USLM,0.6888888888888889,0.03729532214344893,0.0107188308063186,0.24044444444444443,0.08524401423465613
UCB,0.7974358974358975,0.03969218275242396,0.011842223441631446,0.21320512820512824,0.03474416556042718
WSFS,0.7034482758620689,0.035970300906246734,0.011508272660777925,0.23036781609195406,0.039234226692520115
GEO,1.0,0.03631134958906162,0.011500639854929566,0.22,0.4163331998932266
WRBY,0.5,0.03600014586443129,0.011051882820036784,0.24100000000000005,0.174132771821453
LNG,0.7692307692307693,0.03666987490278037,0.011308383986353435,0.22999999999999995,0.06842618836068413
IRM,0.48484848484848486,0.037201265699965395,0.013651773934071375,0.23227272727272727,0.07617135240639542
MTG,0.5,0.034542910130060604,0.011293058892993636,0.23583333333333337,0.10509046038270699
AMRX,1.0,0.036993131844062485,0.010957767891595594,0.25166666666666665,0.1842493187173604
ICUI,0.3888888888888889,0.03713948982471447,0.010834975178955639,0.2472222222222222,0.10612405242476958
HIW,0.5636363636363636,0.03529025962816889,0.01014489248262647,0.23818181818181816,0.07904176090275464
HWKN,0.8,0.03831598058044874,0.010927186385770343,0.23333333333333328,0.1416592392586522
HROW,0.6785714285714286,0.03632221012976215,0.012240252973403582,0.22928571428571431,0.12121192795284531
MET,0.0,0.03748396583128027,0.010108299845012447,0.0,0.0
OUT,0.0,0.03773805386358166,0.01033171976329376,0.0,0.0
AYI,0.0,0.036836092292214316,0.011216340331069935,0.0,0.0
IDT,0.0,0.036611709771047364,0.010230305982200481,0.0,0.0
DLR,1.0,0.03906758156154099,0.01127923551675599,0.23,0.42295258468165076
ALL,0.0,0.03747542533455842,0.011392736298688106,0.0,0.0
KNF,0.0,0.03631313411594033,0.01110821410917783,0.0,0.0
GATX,0.8,0.03558278761786824,0.011824355468264828,0.24800000000000005,0.1737756593944612
NEM,0.0,0.035275334988485875,0.011294533722938472,0.0,0.0
CPRX,1.0,0.036950769119436844,0.011442955038064254,0.25066666666666665,0.12322636183626828
SRE,0.0,0.0355185518796143,0.010797932526510741,0.0,0.0
SNDR,0.7051282051282052,0.035859438084822365,0.010538045173371199,0.22756410256410256,0.0766284394392323
OXY,0.4,0.03543860065696344,0.010547659853357035,0.279,0.1506182544908106
DVN,1.0,0.034599094222897066,0.01010734943300633,0.24999999999999997,0.26537989202867984
APA,0.0,0.03652016659181153,0.011121965034421638,0.0,0.0
CHRD,0.23809523809523808,0.03693080736598578,0.011646171769935248,0.24857142857142855,0.10606561227399276
MUR,0.5,0.03486473368940782,0.011274380004365177,0.25500000000000006,0.18721030744690817
CIVI,1.0,0.03652422570967652,0.011298890663016743,0.25,0.4351941398892446
BROS,0.0,0.03827525662065714,0.0126739920043216,0.0,0.0
ALHC,0.0,0.03697106848536198,0.01088034239331014,0.3,0.4605661864718382
RBLX,1.0,0.038168753789734555,0.012995991706571017,0.3,0.4605661864718382
GDYN,0.35714285714285715,0.03758294884327436,0.012926092311179924,0.23214285714285715,0.10396935549023784
JXN,0.0,0.036279717561557165,0.011838967498981038,0.25666666666666665,0.2544993544914959
PGNY,0.0,0.037818387739756404,0.010666251108869405,0.0,0.0
DOCU,0.7777777777777778,0.03577289901380651,0.011599312386941665,0.2227777777777778,0.10135169512888986
UPST,0.7619047619047619,0.037721398224196144,0.013171182527639075,0.21619047619047613,0.11068150300541622
TILE,0.4166666666666667,0.035760195069039505,0.012447708926062938,0.24861111111111112,0.10328612114316521
DAL,1.0,0.03813661051083961,0.010225232301769374,0.31,0.4648231987117317
PWR,0.5,0.036270411926357736,0.011710019660959933,0.21666666666666665,0.1974870181415874
VRT,0.0,0.03655933856780167,0.010592755266707192,0.0,0.0
EME,0.5,0.037184975331553405,0.010917033646210253,0.22666666666666668,0.18428738597231037
FIX,0.5,0.035688064133677894,0.010857001285700333,0.26,0.1986486331724421
STRL,1.0,0.03728555210905484,0.011059388064572961,0.2533333333333333,0.27265992434429076
IDYA,0.6,0.03799997264828981,0.011024317199684922,0.23199999999999998,0.1536623610781808
K,0.6666666666666666,0.03593225988319066,0.011607145392135778,0.22466666666666665,0.12700645546837264
RYAN,0.0,0.0347790518856766,0.010367901067680318,0.22,0.4163331998932266
EXR,0.0,0.0352282303458748,0.009141255096932158,0.0,0.0
NSA,0.0,0.035374274626116586,0.011403357523086927,0.23,0.42295258468165076
NCLH,0.0,0.03602107175618123,0.011826243783914421,0.0,0.0
HEI,0.0,0.03690040980250793,0.012087731855586733,0.0,0.0
UDR,0.7727272727272727,0.038427734445724,0.010229729636911367,0.2228787878787879,0.07711652288975097
UTHR,0.6071428571428571,0.03649769229265255,0.011022398794634668,0.23892857142857143,0.10461114201067087
SNA,0.5333333333333333,0.039057902721625855,0.01350488040622456,0.24466666666666664,0.14527500142199062
BRBR,1.0,0.036016148456131256,0.011603581248230958,0.27099999999999996,0.16471278951648846
GBX,0.0,0.033435927910049484,0.011765424533439147,0.0,0.0
NUE,0.0,0.03636031832408776,0.011083302598522596,0.0,0.0
CLF,0.0,0.03495041207584089,0.010227982258535715,0.2,0.4020151261036849
MCHP,1.0,0.03581301595647011,0.011024621108349543,0.18,0.38612291966536916
ASH,0.6666666666666666,0.037251624414709604,0.010218068738772627,0.22333333333333333,0.28051179776770296
EPAC,0.4,0.036561300618923785,0.011512452641205853,0.25466666666666665,0.13612564342127997
EBAY,0.0,0.03676085245189815,0.012038874090601373,0.0,0.0
VMI,0.7142857142857143,0.036020765695256786,0.011347903386801675,0.25714285714285706,0.12201684361679482
TW,0.5,0.03822765542381229,0.011716136077457912,0.27166666666666667,0.1919464361311101
NXRT,0.47619047619047616,0.03644558227010848,0.012359871889299316,0.24523809523809514,0.10837171407288469
NJR,0.6,0.03721158627072917,0.013002034650068894,0.22466666666666663,0.13455834560745403
OGS,0.5833333333333334,0.038451261984957213,0.011273611798874886,0.2613888888888889,0.09815727992586284
MGEE,0.0,0.037867730357198585,0.011799559309119932,0.0,0.0
FCF,0.4994462901439646,0.03604688733157534,0.011567169512909056,0.21599114064230343,0.03179357071529171
FMBH,0.5299145299145299,0.03662742470726961,0.012248647516946215,0.22452991452991453,0.04483816476664874
EQT,0.0,0.03638862021032273,0.012327090590521415,0.0,0.0
EXE,0.0,0.03733096324042199,0.013218859663905482,0.0,0.0
AUR,0.0,0.03561551564079383,0.011249678815906045,0.0,0.0
WOLF,0.0,0.037754530735309835,0.011387377616926589,0.22,0.41633319989322654
SR,0.6666666666666666,0.03729485822445929,0.010712683036534274,0.26809523809523805,0.1260163336885613
CTRE,0.5238095238095238,0.03676304388268098,0.011185085029553007,0.2566666666666666,0.12822178242578183
BWIN,0.8333333333333334,0.03820294984056045,0.012088873822498594,0.2683333333333333,0.19229694349654772
PTGX,0.8,0.03659360999701877,0.011031629701811513,0.2706666666666666,0.15935335095364997
PDM,0.4444444444444444,0.036690528980539774,0.013010551962924033,0.24111111111111108,0.08418383792866685
DOV,0.0,0.0356079658845811,0.011077746692875557,0.0,0.0
CR,0.3333333333333333,0.03604053450644127,0.010412782311240914,0.23,0.26248830875573403
DOW,0.0,0.038346411418664406,0.014197217599748194,0.24999999999999997,0.26537989202867984
LYB,0.0,0.03902481101977193,0.012541446598455304,0.0,0.0
WLK,0.0,0.03602918335841187,0.0106304105577905,0.0,0.0
CE,0.3333333333333333,0.03660811746491365,0.011830422147828541,0.21533333333333332,0.1392153738430266
LEA,0.16666666666666666,0.037957010565264876,0.011417948149039073,0.2216666666666667,0.19253026056848285
CVI,1.0,0.0368056516158293,0.012556266072270235,0.24,0.4292346959909279
KSS,0.0,0.0345654813925331,0.010756123293020253,0.0,0.0
RCKT,0.47619047619047616,0.03731397436257669,0.012856664417753988,0.23047619047619045,0.1117729208105396
ASB,0.8,0.038424695336417014,0.010655620100423242,0.24022222222222223,0.09405286221261601
CVBF,0.6813186813186813,0.03653282323233939,0.010157433837317124,0.23494505494505488,0.07277193350972143
ATSG,0.6476190476190476,0.03742141518770408,0.010950008711428844,0.2322857142857143,0.0665069894238738
HAL,0.3333333333333333,0.0363001567166334,0.010481087090737704,0.2533333333333333,0.26851213274654606
PBF,0.3333333333333333,0.03732309858746717,0.011021980575903954,0.21666666666666665,0.2433169589989072
ATKR,0.3333333333333333,0.036312400624880885,0.010626129176367698,0.22666666666666666,0.27577052546646347
ZM,0.0,0.03581699781176042,0.011577874421206794,0.0,0.0
PTON,0.4666666666666667,0.03497249134383277,0.01197586559271956,0.24666666666666665,0.1297498240269205
DX,0.0,0.036120909478690975,0.011677132936955851,0.0,0.0
CHH,1.0,0.03926466476197909,0.011615581683056932,0.20666666666666664,0.25854639850435646
NRG,0.0,0.035871515399591214,0.011580924250313533,0.0,0.0
AM,0.0,0.03743635110620409,0.011910672343652378,0.0,0.0
NVR,0.0,0.0373207622191119,0.00961267826953643,0.0,0.0
MHO,0.0,0.03640731121859213,0.010659627155063517,0.0,0.0
BIIB,0.0,0.036476512079535055,0.013636693252071655,0.0,0.0
BFH,1.0,0.03730310107744986,0.011026075140305543,0.22099999999999997,0.15393492000179684
Z,0.3333333333333333,0.03593467171660692,0.009746002468475146,0.24,0.2641293428688107
FOUR,0.0,0.036192305776552774,0.010996146825597512,0.0,0.0
TWLO,0.5,0.03782066945945908,0.014039951947024508,0.25000000000000006,0.17320508075688773
PL,1.0,0.03772854983949828,0.010914052750351679,0.3,0.4605661864718382
L,0.0,0.03711109703029718,0.011247002567252102,0.0,0.0
TRU,0.3333333333333333,0.03614889017048312,0.011470158668569307,0.24833333333333332,0.1902432137006391
FNF,0.3333333333333333,0.03709782477223693,0.01165609353154937,0.22955555555555548,0.09154586809808049
BXP,0.6666666666666666,0.03573103173329603,0.010317153721000236,0.25,0.26537989202867984
NMRK,0.4,0.03644261363209571,0.01164075503590075,0.25266666666666665,0.12863611577074152
WBS,0.6,0.03454230523898842,0.011568006963977629,0.24999999999999997,0.13889898953170715
FAF,0.0,0.03600238547687273,0.010164110929265086,0.0,0.0
GTY,0.4095238095238095,0.036722922271990074,0.010288820180935854,0.22714285714285712,0.05312342737798693
ALK,0.0,0.03507212312000482,0.010028454008022226,0.21,0.40936018074033237
AZPN,0.0,0.035424942723750526,0.011446628309423222,0.0,0.0
DG,1.0,0.03596685163785842,0.011526657588321918,0.28,0.45126085985421294
FYBR,0.6666666666666666,0.037198941358685185,0.010427493534038844,0.27166666666666667,0.19770711483092843
ZBRA,1.0,0.035266890545006445,0.012546657084214015,0.21,0.40936018074033237
LINE,0.03571428571428571,0.0369451814476396,0.01019894945800766,0.22571428571428573,0.10364417507911053
U,0.0,0.03674506196149707,0.011426589023969107,0.0,0.0
SRRK,0.0,0.03644047639691253,0.010110349559095242,0.0,0.0
PZZA,0.0,0.037588124568795796,0.010874047378935285,0.0,0.0
SVV,0.0,0.036839808378058586,0.01120126845168626,0.24,0.42923469599092784
CBRL,0.0,0.03619450482212952,0.011161660240356005,0.0,0.0
CASY,1.0,0.03591136523670764,0.010082629616883113,0.26,0.4408440022768081
FBNC,0.6641025641025641,0.036654940939688,0.011470109828898803,0.2264358974358974,0.03237099285858266
NWBI,0.5666666666666667,0.0381947611158964,0.010220974444737678,0.23230000000000006,0.04866730085837416
TRUP,1.0,0.03702480463498369,0.013037988704692569,0.29,0.45604802157206853
NHI,0.0,0.03688193533394055,0.011969648256961892,0.23,0.42295258468165076
NMIH,0.0,0.03516292471432364,0.011690987993387136,0.37,0.4852365870939097
PAA,0.0,0.037135179948476364,0.011319098776980696,0.0,0.0
PAGP,0.0,0.03606899010228357,0.011561813285716933,0.26,0.44084400227680803
BJ,0.0,0.03729122335418136,0.011620883584314422,0.0,0.0
BBNX,0.0,0.035996003292346604,0.011649036233434539,0.2333333333333333,0.27828236997890726
BOH,0.7741935483870968,0.03719868840892868,0.01114628805171194,0.2291397849462366,0.04064571297171806
EDR,1.0,0.03926557633816345,0.012237536676085632,0.25,0.4351941398892446
NLY,0.0,0.036673136970769085,0.011530247485259958,0.0,0.0
AGNC,0.0,0.03721965288041268,0.010798155628909786,0.0,0.0
TRN,0.6666666666666666,0.036397831312960205,0.01377664337973105,0.19666666666666666,0.24202197264153913
RBRK,1.0,0.034512292743680895,0.010596064310303984,0.2,0.4020151261036849
BRC,0.0,0.03544569382469259,0.010728409969612012,0.0,0.0
CLH,0.0,0.03703279271461647,0.011702298049394315,0.23,0.4229525846816507
SPXC,0.0,0.037389290818268035,0.011299543735427055,0.0,0.0
BV,0.0,0.03613890257001282,0.010314815170492632,0.21,0.40936018074033237
CIEN,1.0,0.03737494699134663,0.010726944065165049,0.24666666666666667,0.19887449866117296
UNFI,0.8,0.03825090748812614,0.010438768012137957,0.23600000000000002,0.1514375558880073
LAUR,1.0,0.03771262839932577,0.011342017145519892,0.2533333333333333,0.27265992434429076
TOL,0.0,0.03520697271392929,0.009981636299246865,0.0,0.0
TMHC,0.0,0.0385046366107472,0.012164450224754174,0.0,0.0
GKOS,0.0,0.03721696565319979,0.011231811998728617,0.0,0.0
AORT,0.0,0.03613933719972919,0.011403160289338925,0.0,0.0
KVYO,0.0,0.03657203644561324,0.011332379370644376,0.0,0.0
AXGN,0.0,0.03751299154199637,0.011720351527737911,0.25,0.4351941398892446
UMH,0.5,0.03757248193947328,0.011786011476664606,0.195,0.17735903968004835
INVA,0.3333333333333333,0.036536659418491435,0.01149300136083002,0.26999999999999996,0.219401287151173
AIZ,0.0,0.03792625185259923,0.010640899785912773,0.0,0.0
RVLV,0.0,0.03813037256763767,0.010762706612885323,0.31,0.4648231987117316
LPX,0.5,0.03773043423551337,0.010941159373957504,0.23999999999999996,0.21881222058831148
VLY,0.6666666666666666,0.03743758016866916,0.01209993082943144,0.20666666666666664,0.24055678027075272
FFIN,0.6942528735632184,0.03879384881901743,0.010723896765738357,0.22342528735632183,0.0384999952381764
UBSI,0.7052631578947368,0.034785138707431516,0.01207948465695033,0.2367894736842105,0.056604416704764154
SBCF,0.6571969696969697,0.0379127006734588,0.012957900514978124,0.22090909090909094,0.03945995857200446
STEL,0.7433155080213903,0.038570256085112366,0.01094187278019843,0.22721925133689835,0.042817834894734945
CNOB,0.9333333333333333,0.03763858597595572,0.009588670538783511,0.22799999999999998,0.12288342728104834
SUM,0.0,0.03593683507571839,0.012596254547121316,0.0,0.0
PAHC,0.0,0.036414604358011145,0.011263177934777442,0.27,0.44619604333847374
RGLD,0.0,0.035419597478383275,0.012545056032339838,0.0,0.0
GATO,0.0,0.03713348909381256,0.01036609529214192,0.0,0.0
BRKL,0.34285714285714286,0.038270015485791196,0.013011325608889103,0.22999999999999995,0.0651778370201607
ACA,0.0,0.03748153106254728,0.0106991595465728,0.0,0.0
SEZL,0.0,0.03698436830651006,0.010833388609225782,0.0,0.0
BFC,0.678030303030303,0.034745796232370084,0.011061930509442626,0.22217803030303032,0.03856481514886612
HESM,0.0,0.03728064514958853,0.010200880627356565,0.0,0.0
NBHC,0.9095238095238095,0.03876565503598464,0.01280123887195297,0.23785714285714288,0.051020305091629546
CUBE,0.0,0.03623602379709137,0.010682129827418034,0.0,0.0
7LX.F,1.0,0.03708589961984287,0.009917760571559246,0.23,0.4229525846816507
LUNR,0.0,0.03828186395930542,0.011670510644116214,0.0,0.0
FRT,0.0,0.037005136875254016,0.011005585668588431,0.27,0.4461960433384737
LAD,0.0,0.03682798401646251,0.011570526517954616,0.0,0.0
ATEN,0.0,0.036695301397703335,0.011327178256382893,0.25,0.4351941398892446
KD,0.0,0.03646338931122315,0.01064019602274048,0.0,0.0
FRME,0.8086021505376344,0.038521209731041145,0.011880109775136457,0.22316129032258064,0.03865999128324429
WSBC,0.9084967320261438,0.03712594700737517,0.012792015277292065,0.22117647058823522,0.06031013960242195
RNST,0.8614718614718615,0.036426958816353355,0.011916836796729073,0.23532467532467538,0.054496499627402016
HCKT,1.0,0.03600731515545,0.011889151551503966,0.23,0.42295258468165076
IBOC,0.7251461988304093,0.03724122724778657,0.012171402611223951,0.23274853801169587,0.0599784280019458
AX,0.6911764705882353,0.034576205945546154,0.010210774090354046,0.23470588235294115,0.06464170641282588
PEBO,0.7252747252747253,0.0343664622129023,0.010873493729444949,0.2448351648351648,0.07709066310893126
MTSI,0.0,0.035590073495205626,0.011821483063299722,0.0,0.0
LUMN,0.0,0.038986514871092365,0.01365033436630577,0.0,0.0
FNB,0.6388888888888888,0.03568427624291432,0.012028805911189823,0.2297222222222222,0.08835902329208836
KMPR,1.0,0.0381386789447971,0.012705216026029932,0.24666666666666667,0.278765919205411
HSTM,0.3333333333333333,0.036622239795442886,0.01106846044413961,0.22999999999999995,0.24478855485521223
CACI,0.0,0.03614710340276749,0.01018161656709688,0.0,0.0
ZETA,0.0,0.035644482550720905,0.012103331631466966,0.0,0.0
PII,0.0,0.03901221290185244,0.01213425862266646,0.0,0.0
WFRD,0.0,0.03526898524027508,0.00982008396256588,0.0,0.0
MODG,0.6,0.03698310358880055,0.011339370364021755,0.22199999999999995,0.13452497796680618
PEGA,0.0,0.037266979014567096,0.01228901357373456,0.0,0.0
MAC,1.0,0.03491646569847479,0.012481451249596327,0.22,0.4163331998932266
TPC,0.0,0.03440586855553274,0.011109808848847528,0.0,0.0
DINO,0.0,0.03622313310881907,0.010087295621380606,0.0,0.0
NWE,0.0,0.03656913830277498,0.011285592497302413,0.0,0.0
HR,0.0,0.03438569516334461,0.010747171768525932,0.0,0.0
ACT,0.0,0.035600658910197376,0.011154829631524126,0.19,0.3942772444036626
USM,0.0,0.03749829518391489,0.011862825679422567,0.0,0.0
OXLC,0.0,0.0362069709525691,0.012644117625130456,0.0,0.0
INOD,1.0,0.03895991990889238,0.013134864680259557,0.15,0.3588702812826367
AUB,0.5454545454545454,0.037488300911557866,0.01072231142681249,0.23333333333333336,0.08002953698730064
SBSI,0.8214285714285714,0.03638709814085992,0.01050344794412077,0.23964285714285713,0.1119410229544037
MTH,0.0,0.03912373177512281,0.011787493628253935,0.26,0.44084400227680803
KBH,0.0,0.03515664366416544,0.011347970493849046,0.0,0.0
TPH,0.0,0.03626811753909151,0.010295929424650406,0.0,0.0
PPBI,1.0,0.03519374736923762,0.011656623468735356,0.24,0.42923469599092784
LOPE,0.0,0.03694605145209412,0.00978665779837723,0.0,0.0
TIPT,1.0,0.03606830199603474,0.012631681883854011,0.257,0.16772693055178478
XRAY,0.0,0.03572835504028794,0.011455103042664155,0.25666666666666665,0.2715669292861898
MSGS,1.0,0.036433110953243975,0.009896303521859722,0.26999999999999996,0.2750165794410444
MNKD,0.0,0.03663171052467006,0.010837292374352644,0.0,0.0
NWN,1.0,0.03680225366895309,0.01147652342542634,0.23,0.4229525846816507
TCBK,0.8023715415019763,0.03626836211039484,0.013724502925398858,0.22264822134387352,0.046966274107214864
GSHD,0.0,0.04049165308405067,0.01438362941107574,0.0,0.0
JBI,0.9333333333333333,0.03631117314318772,0.013423000065338399,0.22799999999999992,0.12929229797825667
SRCE,0.8070175438596491,0.03903112586127519,0.012368561946701473,0.22918128654970757,0.050659729993622046
MCRI,0.0,0.03623893904408099,0.011851870797557364,0.0,0.0
WABC,1.0,0.03603056491928788,0.012175295544613614,0.19999999999999996,0.250700477696785
WTTR,1.0,0.03414176466285505,0.011615403028684128,0.15,0.3588702812826367
TTMI,0.0,0.037746885252387855,0.01251002827689777,0.0,0.0
SM,0.0,0.03645733717194991,0.011450695101967728,0.0,0.0
SITM,0.0,0.035443736649069656,0.010447986356123757,0.0,0.0
HI,0.0,0.03556347587614172,0.011615127791634261,0.27,0.44619604333847374
BNL,0.0,0.03742299709522674,0.010226369197021854,0.0,0.0
RWT,0.0,0.03722934751402447,0.010479867727757032,0.0,0.0
GIC,0.0,0.034870193653413976,0.010674731850716076,0.0,0.0
PTEN,0.0,0.03571938988504562,0.010974283651361896,0.0,0.0
VTLE,0.0,0.036427620411151176,0.010974915643404127,0.23,0.42295258468165076
HOPE,0.6,0.037352744205263154,0.009511501369754954,0.2353333333333333,0.13482498944104454
APLS,0.0,0.03734170246695849,0.011174664586958538,0.0,0.0
TXG,0.0,0.03640976110579158,0.012203690678524927,0.0,0.0
SLVM,0.0,0.036419880254009364,0.010226927846051543,0.0,0.0
CWK,1.0,0.03518149007838435,0.010730487019868644,0.244,0.15373246252392508
HNI,1.0,0.032915238406203876,0.010878335052499787,0.24,0.246547427727339
DK,0.0,0.038841244153659214,0.011282652931307402,0.0,0.0
WAFD,0.0,0.03513808509078659,0.011510376331068693,0.0,0.0
DV,0.0,0.03574437433790248,0.010463073548430336,0.0,0.0
COUR,0.0,0.03616240399212649,0.010696882977081452,0.0,0.0
OFG,0.6666666666666666,0.03681081879824441,0.011280424466317777,0.21333333333333332,0.2574152797769127
EQC,0.0,0.03733540981425368,0.011574563556384037,0.0,0.0
AGIO,0.0,0.035904587866722834,0.012441238211834923,0.0,0.0
STBA,0.4,0.03733563589476692,0.010878929798327606,0.236,0.154736661277909
NTLA,1.0,0.03816730411774523,0.011413771223885927,0.37,0.4852365870939097
IBTA,0.0,0.03742637508133088,0.011075284144822927,0.0,0.0
GTII.CN,0.0,0.03389672753024378,0.010765815781963757,0.0,0.0
INSW,0.0,0.03673750832858872,0.011252140825172013,0.0,0.0
LPG,0.0,0.03654729175462223,0.01106773733213866,0.0,0.0
ALEX,0.0,0.03877909208671882,0.010740376321739523,0.31,0.4648231987117317
EYE,0.0,0.03708449105051499,0.01106393396239282,0.0,0.0
OPFI,0.0,0.03805020925404665,0.012714748301880817,0.0,0.0
