Ticker,Degree_Centrality,ER_Degree_Mean,ER_Degree_Std,DP_Degree_Mean,DP_Degree_Std
BRK-B,0.014598540145985401,0.03618978102189781,0.006114211803632195,0.014598540145985401,0.0
PGR,0.010218978102189781,0.03605839416058394,0.007358017660964702,0.010218978102189778,3.486925384749193e-18
WELL,0.05693430656934306,0.03557664233576642,0.00687134636382973,0.05693430656934307,6.973850769498386e-18
WEC,0.03503649635036496,0.036218978102189776,0.006893366457509769,0.03503649635036497,1.3947701538996772e-17
BRO,0.03941605839416058,0.03616058394160584,0.007329745420143388,0.03941605839416058,0.0
PPL,0.059854014598540145,0.03624817518248175,0.007058035375334449,0.05985401459854011,3.486925384749193e-17
ATO,0.09635036496350365,0.037007299270073,0.006575893577669313,0.09635036496350366,1.3947701538996772e-17
LNT,0.06861313868613138,0.036379562043795624,0.007820868114954617,0.06861313868613136,1.3947701538996772e-17
EVRG,0.06131386861313868,0.03614598540145984,0.007235941456173144,0.0613138686131387,2.092155230849516e-17
ORI,0.09927007299270073,0.03672992700729926,0.0072228395448768745,0.09927007299270071,1.3947701538996772e-17
TOWN,0.09927007299270073,0.0362919708029197,0.0069534538150445606,0.09927007299270071,1.3947701538996772e-17
WMT,0.10510948905109488,0.03687591240875912,0.006839835802919484,0.10510948905109489,1.3947701538996772e-17
JPM,0.06861313868613138,0.03735766423357664,0.006850763936461778,0.06861313868613136,1.3947701538996772e-17
COST,0.00291970802919708,0.03630656934306569,0.00724347918373925,0.002919708029197079,1.3075970192809475e-18
NFLX,0.05401459854014598,0.03782481751824817,0.007143045424809219,0.054014598540145994,1.3947701538996772e-17
TMUS,0.0437956204379562,0.037124087591240876,0.007003534956859633,0.043795620437956206,6.973850769498386e-18
AXP,0.11824817518248175,0.03611678832116788,0.00639413432388742,0.11824817518248172,2.7895403077993544e-17
ISRG,0.06715328467153284,0.03553284671532847,0.007615985171169752,0.06715328467153282,1.3947701538996772e-17
T,0.059854014598540145,0.035649635036496354,0.007764236650400195,0.05985401459854011,3.486925384749193e-17
GS,0.11386861313868613,0.036934306569343066,0.006855177415956581,0.11386861313868614,1.3947701538996772e-17
BSX,0.04817518248175182,0.036554744525547446,0.007112314907114772,0.04817518248175183,6.973850769498386e-18
WMB,0.1094890510948905,0.03700729927007299,0.007750902929414283,0.10948905109489049,1.3947701538996772e-17
SPG,0.058394160583941604,0.03643795620437956,0.006831332810683485,0.058394160583941604,0.0
RCL,0.12262773722627736,0.0367007299270073,0.007274217865244363,0.1226277372262774,4.184310461699032e-17
HLT,0.03357664233576642,0.036598540145985396,0.007533669131449843,0.03357664233576641,6.973850769498386e-18
BK,0.14890510948905109,0.0370948905109489,0.006919548745674463,0.14890510948905109,0.0
KMI,0.11678832116788321,0.03728467153284672,0.006526752910143959,0.11678832116788321,0.0
HWM,0.072992700729927,0.036452554744525544,0.007116959410523335,0.072992700729927,0.0
MPLX,0.07153284671532846,0.03712408759124087,0.007567880731255561,0.07153284671532846,0.0
NDAQ,0.13576642335766423,0.03592700729927007,0.007235272047669222,0.13576642335766423,0.0
TRGP,0.1386861313868613,0.03646715328467153,0.006442298456896639,0.1386861313868613,0.0
GLW,0.01751824817518248,0.037576642335766415,0.006983110947295404,0.017518248175182487,6.973850769498386e-18
ETR,0.10656934306569342,0.03671532846715328,0.006356163257257732,0.1065693430656934,1.3947701538996772e-17
STT,0.1532846715328467,0.03605839416058394,0.007650616539340777,0.15328467153284664,5.579080615598709e-17
BR,0.032116788321167884,0.03535766423357664,0.006677265674197408,0.03211678832116788,6.973850769498386e-18
AEE,0.07883211678832117,0.0356934306569343,0.006260614900478944,0.07883211678832117,0.0
CVNA,0.08613138686131386,0.03640875912408759,0.007437517031218345,0.08613138686131387,1.3947701538996772e-17
GDDY,0.04671532846715328,0.0385985401459854,0.007122598331301991,0.04671532846715326,2.092155230849516e-17
FOX,0.08175182481751825,0.03637956204379561,0.006980212584736197,0.08175182481751822,2.7895403077993544e-17
FWONK,0.01751824817518248,0.0364963503649635,0.0068094914778065105,0.017518248175182487,6.973850769498386e-18
UI,0.10510948905109488,0.03670072992700729,0.006636649640824029,0.10510948905109489,1.3947701538996772e-17
NTRA,0.0364963503649635,0.03655474452554744,0.0067361329796440566,0.0364963503649635,0.0
NI,0.12554744525547445,0.03762043795620438,0.007512494317531631,0.12554744525547443,2.7895403077993544e-17
PODD,0.0218978102189781,0.03623357664233576,0.007357666574211215,0.021897810218978103,3.486925384749193e-18
USFD,0.06861313868613138,0.03686131386861314,0.006516701932289759,0.06861313868613136,1.3947701538996772e-17
CHWY,0.00875912408759124,0.036583941605839415,0.007090792609522616,0.008759124087591243,3.486925384749193e-18
SFM,0.14014598540145984,0.03655474452554743,0.007175594585369056,0.1401459854014599,5.579080615598709e-17
PRMB,0.06131386861313868,0.03728467153284672,0.006621712013211987,0.0613138686131387,2.092155230849516e-17
TKO,0.01897810218978102,0.03613138686131386,0.006766281344397988,0.01897810218978102,0.0
DTM,0.12262773722627736,0.037153284671532845,0.007080326175359817,0.1226277372262774,4.184310461699032e-17
TLN,0.11094890510948904,0.037313868613138686,0.00699758475281819,0.110948905109489,4.184310461699032e-17
EXLS,0.12700729927007298,0.037343065693430655,0.0075334548204016635,0.127007299270073,2.7895403077993544e-17
PLNT,0.02773722627737226,0.03477372262773722,0.007479540497148628,0.02773722627737225,1.046077615424758e-17
WAY,0.0656934306569343,0.035839416058394157,0.00676309908374254,0.06569343065693432,2.7895403077993544e-17
EAT,0.06715328467153284,0.037737226277372256,0.007553986706975812,0.06715328467153282,1.3947701538996772e-17
FSK,0.04817518248175182,0.037854014598540146,0.007567880731255561,0.04817518248175183,6.973850769498386e-18
CORT,0.10656934306569342,0.03797080291970802,0.006507181303070119,0.1065693430656934,1.3947701538996772e-17
PJT,0.1503649635036496,0.03551824817518248,0.006900732467860885,0.15036496350364964,2.7895403077993544e-17
GPI,0.07445255474452554,0.03721167883211679,0.006852020732538461,0.07445255474452554,0.0
VIRT,0.09635036496350365,0.036029197080291966,0.00746657772884308,0.09635036496350366,1.3947701538996772e-17
IDCC,0.05255474452554744,0.03820437956204379,0.007106667826762256,0.052554744525547446,6.973850769498386e-18
TXNM,0.07883211678832117,0.036029197080291966,0.006729610488638178,0.07883211678832117,0.0
TGTX,0.05693430656934306,0.036598540145985396,0.006304746992994526,0.05693430656934307,6.973850769498386e-18
AHR,0.09343065693430656,0.03743065693430657,0.006970460317699089,0.09343065693430652,4.184310461699032e-17
CNO,0.17664233576642335,0.03620437956204379,0.0069750295327590354,0.17664233576642335,0.0
TDS,0.07737226277372262,0.034686131386861316,0.0075561094758059165,0.07737226277372262,0.0
GBTG,0.08175182481751825,0.036364963503649636,0.00631102638509197,0.08175182481751822,2.7895403077993544e-17
KNTK,0.12262773722627736,0.036686131386861304,0.0066029435549058955,0.1226277372262774,4.184310461699032e-17
FTDR,0.11678832116788321,0.03743065693430656,0.007531568620222076,0.11678832116788321,0.0
CARG,0.06131386861313868,0.036364963503649636,0.007652290544077438,0.0613138686131387,2.092155230849516e-17
AVPT,0.11094890510948904,0.03727007299270073,0.006363203886736123,0.110948905109489,4.184310461699032e-17
HTLF,0.15620437956204378,0.037751824817518244,0.006190228950223251,0.15620437956204375,2.7895403077993544e-17
ENVA,0.1532846715328467,0.0357956204379562,0.007419143962370495,0.15328467153284664,5.579080615598709e-17
GCMG,0.07153284671532846,0.03715328467153285,0.006608548743493031,0.07153284671532846,0.0
RSI,0.02627737226277372,0.0377956204379562,0.006217554569485985,0.026277372262773723,3.486925384749193e-18
KYN,0.14014598540145984,0.03608759124087591,0.006218195061054005,0.1401459854014599,5.579080615598709e-17
SYBT,0.20145985401459854,0.03601459854014598,0.0068506382441728825,0.20145985401459843,1.1158161231197418e-16
CET,0.058394160583941604,0.03652554744525547,0.007223614409348324,0.058394160583941604,0.0
TPB,0.11678832116788321,0.03731386861313869,0.007149747766482927,0.11678832116788321,0.0
BBSI,0.10364963503649634,0.035664233576642335,0.006929372665058285,0.1036496350364964,5.579080615598709e-17
CURLF,0.00583941605839416,0.03724087591240876,0.00703799893583977,0.005839416058394158,2.615194038561895e-18
CBL,0.024817518248175182,0.03613138686131386,0.006476940318851186,0.02481751824817518,3.486925384749193e-18
PRTH,0.010218978102189781,0.03616058394160584,0.00723812775917996,0.010218978102189778,3.486925384749193e-18
NBN,0.17664233576642335,0.037664233576642336,0.007830001111201093,0.17664233576642335,0.0
MS,0.09927007299270073,0.03725547445255474,0.0069238561982886615,0.09927007299270071,1.3947701538996772e-17
C,0.01167883211678832,0.03582481751824817,0.006908106204925714,0.011678832116788315,5.23038807712379e-18
IBKR,0.0656934306569343,0.036437956204379555,0.007103228934286138,0.06569343065693432,2.7895403077993544e-17
EPD,0.02773722627737226,0.03691970802919708,0.006938810397823632,0.02773722627737225,1.046077615424758e-17
ET,0.05255474452554744,0.03570802919708029,0.007290180877879321,0.052554744525547446,6.973850769498386e-18
DFS,0.08029197080291971,0.03816058394160584,0.006822188162659865,0.08029197080291971,0.0
HOOD,0.032116788321167884,0.037124087591240876,0.006938686300471018,0.03211678832116788,6.973850769498386e-18
BKR,0.05401459854014598,0.038116788321167876,0.00643198163642964,0.054014598540145994,1.3947701538996772e-17
NTRS,0.09051094890510948,0.03687591240875912,0.007416648210711734,0.09051094890510948,0.0
EQH,0.0364963503649635,0.03630656934306569,0.007611560325843647,0.0364963503649635,0.0
ARCC,0.02773722627737226,0.036613138686131384,0.007566244953995839,0.02773722627737225,1.046077615424758e-17
UNM,0.11678832116788321,0.038029197080291975,0.007556835924128323,0.11678832116788321,0.0
FHN,0.06715328467153284,0.03524087591240876,0.007094434766018745,0.06715328467153282,1.3947701538996772e-17
ONB,0.07737226277372262,0.0370948905109489,0.007663534865262458,0.07737226277372262,0.0
LRN,0.016058394160583942,0.03656934306569343,0.006529902000369178,0.01605839416058394,3.486925384749193e-18
MAIN,0.03357664233576642,0.03798540145985401,0.008073593851174767,0.03357664233576641,6.973850769498386e-18
SNEX,0.06277372262773723,0.03797080291970803,0.00672517862349943,0.06277372262773721,1.3947701538996772e-17
ATGE,0.02627737226277372,0.036583941605839415,0.007500923137874611,0.026277372262773723,3.486925384749193e-18
GRND,0.0218978102189781,0.03592700729927007,0.00714846802944101,0.021897810218978103,3.486925384749193e-18
ARIS,0.02335766423357664,0.036204379562043795,0.006522067682010922,0.02335766423357663,1.046077615424758e-17
V,0.00145985401459854,0.03702189781021897,0.008026904420218247,0.0014598540145985394,6.537985096404737e-19
TPR,0.00583941605839416,0.03608759124087591,0.006793919960698418,0.005839416058394158,2.615194038561895e-18
MA,0.00875912408759124,0.036963503649635035,0.007629145550945602,0.008759124087591243,3.486925384749193e-18
CSCO,0.02627737226277372,0.037124087591240876,0.00626707591148804,0.026277372262773723,3.486925384749193e-18
CME,0.00437956204379562,0.03745985401459853,0.007686324251760693,0.004379562043795622,1.7434626923745965e-18
DASH,0.01167883211678832,0.03591240875912408,0.006981199396444633,0.011678832116788315,5.23038807712379e-18
FTNT,0.01167883211678832,0.03652554744525547,0.005887072363926662,0.011678832116788315,5.23038807712379e-18
LYV,0.02773722627737226,0.036832116788321156,0.006881364232462129,0.02773722627737225,1.046077615424758e-17
FFIV,0.0218978102189781,0.03706569343065694,0.007002428324984441,0.021897810218978103,3.486925384749193e-18
TJX,0.00437956204379562,0.037503649635036496,0.00645470023111576,0.004379562043795622,1.7434626923745965e-18
ORCL,0.00145985401459854,0.03665693430656934,0.007151478810915217,0.0014598540145985394,6.537985096404737e-19
MSI,0.06423357664233577,0.03732846715328467,0.006682663567694298,0.06423357664233575,1.3947701538996772e-17
PLTR,0.024817518248175182,0.03617518248175183,0.007189561138457146,0.02481751824817518,3.486925384749193e-18
APP,0.04671532846715328,0.035693430656934304,0.0068264624453006975,0.04671532846715326,2.092155230849516e-17
DOCS,0.0072992700729927005,0.03668613138686131,0.007343829191658297,0.0072992700729927005,0.0
RKLB,0.04525547445255474,0.035532846715328456,0.007966874546280414,0.04525547445255474,0.0
LLYVA,0.058394160583941604,0.035810218978102194,0.006699393497708571,0.058394160583941604,0.0
KGS,0.051094890510948905,0.03654014598540146,0.006998000047506611,0.0510948905109489,6.973850769498386e-18
CAKE,0.02335766423357664,0.037547445255474446,0.007383077092108546,0.02335766423357663,1.046077615424758e-17
DSP,0.024817518248175182,0.03689051094890511,0.008307186242009774,0.02481751824817518,3.486925384749193e-18
BFLY,0.024817518248175182,0.03686131386861313,0.007227770436719077,0.02481751824817518,3.486925384749193e-18
BAC,0.01751824817518248,0.03559124087591241,0.006777105735689998,0.017518248175182487,6.973850769498386e-18
SYF,0.10510948905109488,0.03786861313868613,0.007238023664487805,0.10510948905109489,1.3947701538996772e-17
FLS,0.03941605839416058,0.03702189781021897,0.00689281993562074,0.03941605839416058,0.0
VCTR,0.02335766423357664,0.03537226277372262,0.006388189369092694,0.02335766423357663,1.046077615424758e-17
SKYW,0.03357664233576642,0.03621897810218978,0.006275451559611038,0.03357664233576641,6.973850769498386e-18
ARLP,0.01897810218978102,0.036058394160583936,0.007436590771640835,0.01897810218978102,0.0
PM,0.020437956204379562,0.03655474452554744,0.008033338297830424,0.020437956204379555,6.973850769498386e-18
FI,0.08029197080291971,0.03537226277372262,0.007160383304506499,0.08029197080291971,0.0
ADP,0.06423357664233577,0.03645255474452555,0.006766535860597399,0.06423357664233575,1.3947701538996772e-17
GEV,0.10218978102189781,0.036598540145985396,0.006916934976645409,0.1021897810218978,1.3947701538996772e-17
GWRE,0.01751824817518248,0.03744525547445255,0.007496774964515455,0.017518248175182487,6.973850769498386e-18
OGE,0.09635036496350365,0.03722627737226277,0.007883430135066677,0.09635036496350366,1.3947701538996772e-17
BERY,0.072992700729927,0.03716788321167883,0.007131961471829194,0.072992700729927,0.0
ESE,0.0072992700729927005,0.03689051094890511,0.007121192798406554,0.0072992700729927005,0.0
WFC,0.00875912408759124,0.036773722627737225,0.007477568725741771,0.008759124087591243,3.486925384749193e-18
COF,0.04671532846715328,0.03651094890510949,0.008143985196586684,0.04671532846715326,2.092155230849516e-17
UAL,0.032116788321167884,0.03614598540145985,0.006969224880473155,0.03211678832116788,6.973850769498386e-18
TNL,0.00291970802919708,0.03703649635036496,0.007035429172997003,0.002919708029197079,1.3075970192809475e-18
GILD,0.014598540145985401,0.037153284671532845,0.006294905804091891,0.014598540145985401,0.0
EXPE,0.00291970802919708,0.0372992700729927,0.007134843447477233,0.002919708029197079,1.3075970192809475e-18
DUOL,0.00583941605839416,0.03610218978102189,0.006009665196765886,0.005839416058394158,2.615194038561895e-18
CFR,0.032116788321167884,0.03605839416058394,0.006779392380113663,0.03211678832116788,6.973850769498386e-18
WH,0.03065693430656934,0.0372992700729927,0.007366424111621397,0.03065693430656935,1.046077615424758e-17
INTA,0.0218978102189781,0.03651094890510948,0.0070196228481811795,0.021897810218978103,3.486925384749193e-18
TVTX,0.024817518248175182,0.03614598540145984,0.005945797912869088,0.02481751824817518,3.486925384749193e-18
AJG,0.0072992700729927005,0.036992700729927,0.006781678253527231,0.0072992700729927005,0.0
DGX,0.016058394160583942,0.03770802919708029,0.007321517375655921,0.01605839416058394,3.486925384749193e-18
LTH,0.00875912408759124,0.036627737226277365,0.006662790678567768,0.008759124087591243,3.486925384749193e-18
PBI,0.00583941605839416,0.036686131386861304,0.0071837949848727045,0.005839416058394158,2.615194038561895e-18
IBM,0.00145985401459854,0.03532846715328467,0.006607327087369553,0.0014598540145985394,6.537985096404737e-19
MRK,0.00583941605839416,0.03751824817518248,0.007387216258467006,0.005839416058394158,2.615194038561895e-18
ROIC,0.06715328467153284,0.03705109489051094,0.007361761544515394,0.06715328467153282,1.3947701538996772e-17
AMP,0.05693430656934306,0.03667153284671533,0.006746862160289478,0.05693430656934307,6.973850769498386e-18
ARES,0.04817518248175182,0.03811678832116788,0.006320570011906241,0.04817518248175183,6.973850769498386e-18
VST,0.024817518248175182,0.036379562043795624,0.006700116446041922,0.02481751824817518,3.486925384749193e-18
TPL,0.08321167883211679,0.03629197080291971,0.0076969595140103896,0.08321167883211678,1.3947701538996772e-17
CCL,0.03065693430656934,0.03651094890510949,0.0068771084213766435,0.03065693430656935,1.046077615424758e-17
HBAN,0.09927007299270073,0.03674452554744525,0.007524519767670703,0.09927007299270071,1.3947701538996772e-17
TOST,0.03503649635036496,0.0377956204379562,0.007506875848279899,0.03503649635036497,1.3947701538996772e-17
SF,0.11678832116788321,0.03710948905109488,0.007386283691041793,0.11678832116788321,0.0
AIT,0.07445255474452554,0.03656934306569343,0.007074242766503508,0.07445255474452554,0.0
WTFC,0.07737226277372262,0.036759124087591244,0.006566081751685736,0.07737226277372262,0.0
ZION,0.12846715328467154,0.03613138686131386,0.006546364656018697,0.1284671532846715,2.7895403077993544e-17
SNV,0.14744525547445256,0.03782481751824817,0.007536068998807314,0.14744525547445259,2.7895403077993544e-17
PRIM,0.05401459854014598,0.03643795620437956,0.006697674173853139,0.054014598540145994,1.3947701538996772e-17
BTSG,0.03503649635036496,0.03578102189781021,0.006769843700439533,0.03503649635036497,1.3947701538996772e-17
EE,0.10072992700729927,0.03464233576642335,0.0072083252776162015,0.10072992700729921,5.579080615598709e-17
PAYO,0.10802919708029196,0.036218978102189776,0.006655031930076652,0.10802919708029199,2.7895403077993544e-17
SMR,0.01313868613138686,0.03709489051094891,0.006509165915848417,0.013138686131386862,1.7434626923745965e-18
PWP,0.13722627737226276,0.03578102189781022,0.007831361895535778,0.13722627737226273,2.7895403077993544e-17
AGX,0.04817518248175182,0.036043795620437954,0.00662585570738437,0.04817518248175183,6.973850769498386e-18
KKR,0.1094890510948905,0.036613138686131384,0.006357196145117522,0.10948905109489049,1.3947701538996772e-17
CMI,0.049635036496350364,0.0370948905109489,0.006838183271382024,0.04963503649635036,6.973850769498386e-18
WAB,0.01313868613138686,0.03496350364963503,0.006991598695122742,0.013138686131386862,1.7434626923745965e-18
JEF,0.13284671532846715,0.0365985401459854,0.00795074039549288,0.13284671532846715,0.0
HLI,0.19124087591240874,0.035605839416058396,0.007294535071158763,0.19124087591240876,2.7895403077993544e-17
CRS,0.07883211678832117,0.036467153284671525,0.007057806621631492,0.07883211678832117,0.0
R,0.16642335766423358,0.03640875912408758,0.007202245371225318,0.16642335766423355,2.7895403077993544e-17
QTWO,0.10218978102189781,0.03798540145985402,0.007589822858842548,0.1021897810218978,1.3947701538996772e-17
MC,0.09635036496350365,0.03748905109489051,0.006809112108382119,0.09635036496350366,1.3947701538996772e-17
CALM,0.0437956204379562,0.03675912408759124,0.007251573131136311,0.043795620437956206,6.973850769498386e-18
WLFC,0.10072992700729927,0.03678832116788321,0.007901159522004755,0.10072992700729921,5.579080615598709e-17
LMB,0.07591240875912408,0.03671532846715328,0.005943099997432463,0.07591240875912408,0.0
CBRE,0.08613138686131386,0.03767883211678832,0.006808527205771863,0.08613138686131387,1.3947701538996772e-17
MMSI,0.02627737226277372,0.036,0.00704632891737506,0.026277372262773723,3.486925384749193e-18
RL,0.00437956204379562,0.03602919708029197,0.006511761537544246,0.004379562043795622,1.7434626923745965e-18
SLM,0.01751824817518248,0.03823357664233576,0.007183914848137011,0.017518248175182487,6.973850769498386e-18
SSNC,0.00583941605839416,0.03689051094890511,0.007338550944784687,0.005839416058394158,2.615194038561895e-18
COMP,0.00291970802919708,0.03687591240875913,0.007159676764625871,0.002919708029197079,1.3075970192809475e-18
KOS,0.0072992700729927005,0.0376058394160584,0.007683242875679029,0.0072992700729927005,0.0
TFC,0.0948905109489051,0.03672992700729926,0.007004964097619871,0.09489051094890513,2.7895403077993544e-17
CFG,0.1240875912408759,0.03554744525547445,0.006945260404636088,0.1240875912408759,0.0
GMED,0.01313868613138686,0.0382043795620438,0.007154969730222698,0.013138686131386862,1.7434626923745965e-18
COOP,0.020437956204379562,0.03762043795620438,0.008070593652688708,0.020437956204379555,6.973850769498386e-18
HWC,0.07153284671532846,0.03683211678832117,0.007949657302708756,0.07153284671532846,0.0
SANM,0.00437956204379562,0.03597080291970802,0.007183390431589621,0.004379562043795622,1.7434626923745965e-18
MWA,0.04525547445255474,0.035474452554744525,0.007616776565692713,0.04525547445255474,0.0
CASH,0.17372262773722627,0.036423357664233574,0.006569343065693431,0.17372262773722635,8.368620923398064e-17
NOW,0.010218978102189781,0.038,0.0070501009156179375,0.010218978102189778,3.486925384749193e-18
BLK,0.05401459854014598,0.035839416058394157,0.00652330530516296,0.054014598540145994,1.3947701538996772e-17
BX,0.07153284671532846,0.03708029197080292,0.007406133616607811,0.07153284671532846,0.0
LITE,0.010218978102189781,0.036394160583941605,0.007345587764452211,0.010218978102189778,3.486925384749193e-18
VCYT,0.01897810218978102,0.03576642335766423,0.007243018522200141,0.01897810218978102,0.0
PAR,0.04671532846715328,0.03534306569343065,0.006951208945000982,0.04671532846715326,2.092155230849516e-17
BKE,0.00291970802919708,0.03668613138686131,0.006830497687309322,0.002919708029197079,1.3075970192809475e-18
PX,0.058394160583941604,0.036613138686131384,0.006350420048897469,0.058394160583941604,0.0
RTX,0.0072992700729927005,0.03715328467153284,0.006167077146129583,0.0072992700729927005,0.0
DUK,0.02627737226277372,0.037313868613138686,0.008214585737295466,0.026277372262773723,3.486925384749193e-18
MMM,0.01751824817518248,0.036394160583941605,0.005637804702656316,0.017518248175182487,6.973850769498386e-18
SN,0.0072992700729927005,0.03702189781021897,0.007459770472701346,0.0072992700729927005,0.0
BKV,0.00437956204379562,0.03702189781021897,0.007453996745057559,0.004379562043795622,1.7434626923745965e-18
BKNG,0.00583941605839416,0.03534306569343065,0.006775564991602778,0.005839416058394158,2.615194038561895e-18
APO,0.0364963503649635,0.03541605839416058,0.0075232751669422225,0.0364963503649635,0.0
SPGI,0.01167883211678832,0.037182481751824814,0.007476877763116398,0.011678832116788315,5.23038807712379e-18
MCO,0.0218978102189781,0.0363941605839416,0.007034205146443033,0.021897810218978103,3.486925384749193e-18
REG,0.04233576642335766,0.035328467153284665,0.007229631681164918,0.04233576642335765,6.973850769498386e-18
GLPI,0.00875912408759124,0.038000000000000006,0.0075542146838946545,0.008759124087591243,3.486925384749193e-18
JLL,0.04525547445255474,0.0377956204379562,0.007925357232065321,0.04525547445255474,0.0
COKE,0.010218978102189781,0.03614598540145985,0.007009265127670953,0.010218978102189778,3.486925384749193e-18
ADC,0.05547445255474452,0.03776642335766423,0.008246847283099271,0.0554744525547445,2.092155230849516e-17
FCPT,0.03357664233576642,0.03592700729927008,0.0077301003996575225,0.03357664233576641,6.973850769498386e-18
NFG,0.00583941605839416,0.03582481751824817,0.006753686741484849,0.005839416058394158,2.615194038561895e-18
BCSF,0.00875912408759124,0.03791240875912408,0.0078202487759746,0.008759124087591243,3.486925384749193e-18
PNC,0.1751824817518248,0.03703649635036496,0.006905721904119506,0.17518248175182483,2.7895403077993544e-17
MTB,0.15182481751824817,0.037007299270072985,0.0075994459935993085,0.15182481751824817,0.0
TPG,0.02773722627737226,0.03646715328467154,0.006806266163689883,0.02773722627737225,1.046077615424758e-17
EVR,0.11678832116788321,0.036613138686131384,0.007186865850291561,0.11678832116788321,0.0
VNO,0.03065693430656934,0.03646715328467153,0.0067075021151758365,0.03065693430656935,1.046077615424758e-17
ALSN,0.07007299270072992,0.03721167883211679,0.007284494371832977,0.07007299270072995,2.7895403077993544e-17
UMBF,0.1635036496350365,0.03626277372262774,0.007793404909397699,0.16350364963503644,5.579080615598709e-17
COLB,0.1503649635036496,0.03668613138686131,0.007566173825223139,0.15036496350364964,2.7895403077993544e-17
GBCI,0.09635036496350365,0.035678832116788316,0.007430277555521748,0.09635036496350366,1.3947701538996772e-17
CUZ,0.09781021897810219,0.036364963503649636,0.0069938152109176414,0.09781021897810219,0.0
SFBS,0.15182481751824817,0.036627737226277365,0.006351826683220819,0.15182481751824817,0.0
DORM,0.09197080291970802,0.03762043795620437,0.007109090716256266,0.09197080291970801,1.3947701538996772e-17
TCBI,0.06277372262773723,0.03643795620437956,0.006675137544193061,0.06277372262773721,1.3947701538996772e-17
DEI,0.05401459854014598,0.03578102189781022,0.0073228109663328305,0.054014598540145994,1.3947701538996772e-17
SFNC,0.051094890510948905,0.037343065693430655,0.007239094281268614,0.0510948905109489,6.973850769498386e-18
BANR,0.19416058394160582,0.03648175182481751,0.007622412873340614,0.19416058394160582,0.0
HBI,0.0072992700729927005,0.03797080291970803,0.0075770913793620975,0.0072992700729927005,0.0
VBTX,0.10656934306569342,0.03690510948905109,0.007536026150734831,0.1065693430656934,1.3947701538996772e-17
DCOM,0.15182481751824817,0.03656934306569343,0.008063975939296145,0.15182481751824817,0.0
CMPO,0.06423357664233577,0.03556204379562043,0.006995123241291058,0.06423357664233575,1.3947701538996772e-17
TMP,0.13430656934306567,0.03710948905109488,0.006204678811888897,0.13430656934306565,2.7895403077993544e-17
AROC,0.014598540145985401,0.03686131386861313,0.00807198054969376,0.014598540145985401,0.0
DXPE,0.0072992700729927005,0.03764963503649635,0.006138808034535601,0.0072992700729927005,0.0
VFC,0.00291970802919708,0.036613138686131384,0.007532025924246312,0.002919708029197079,1.3075970192809475e-18
PH,0.029197080291970802,0.03756204379562044,0.007785487160657695,0.029197080291970802,0.0
PAYX,0.03357664233576642,0.0364963503649635,0.006803165892160893,0.03357664233576641,6.973850769498386e-18
RDDT,0.01313868613138686,0.03646715328467153,0.006736324722009031,0.013138686131386862,1.7434626923745965e-18
EXEL,0.00583941605839416,0.03759124087591241,0.006923529734391431,0.005839416058394158,2.615194038561895e-18
PNFP,0.12262773722627736,0.03667153284671532,0.007366146486518532,0.1226277372262774,4.184310461699032e-17
CMA,0.04817518248175182,0.03687591240875912,0.007213594363730678,0.04817518248175183,6.973850769498386e-18
AWI,0.024817518248175182,0.03750364963503649,0.007648351126219052,0.02481751824817518,3.486925384749193e-18
THG,0.01751824817518248,0.037343065693430655,0.007318944214767669,0.017518248175182487,6.973850769498386e-18
CVCO,0.00437956204379562,0.03602919708029197,0.007637605899927038,0.004379562043795622,1.7434626923745965e-18
XEL,0.010218978102189781,0.03632116788321168,0.007328056486236393,0.010218978102189778,3.486925384749193e-18
CWAN,0.03503649635036496,0.036437956204379555,0.006238380019290766,0.03503649635036497,1.3947701538996772e-17
SKT,0.0072992700729927005,0.037007299270072985,0.007340076161526893,0.0072992700729927005,0.0
IVT,0.08175182481751825,0.0364963503649635,0.0073301712637763245,0.08175182481751822,2.7895403077993544e-17
OKE,0.0656934306569343,0.03656934306569343,0.007077285124569752,0.06569343065693432,2.7895403077993544e-17
RF,0.11678832116788321,0.03667153284671532,0.008571009553361793,0.11678832116788321,0.0
PKG,0.03065693430656934,0.035635036496350365,0.006987656486577227,0.03065693430656935,1.046077615424758e-17
CW,0.0437956204379562,0.0376058394160584,0.007377360061604761,0.043795620437956206,6.973850769498386e-18
DRS,0.03065693430656934,0.03702189781021897,0.0074885723376140025,0.03065693430656935,1.046077615424758e-17
STEP,0.07591240875912408,0.0367007299270073,0.006720455553443219,0.07591240875912408,0.0
CADE,0.11240875912408758,0.036467153284671525,0.00638524010137743,0.11240875912408763,4.184310461699032e-17
VERX,0.029197080291970802,0.03578102189781021,0.007013486786231874,0.029197080291970802,0.0
PIPR,0.14744525547445256,0.0372992700729927,0.007170958039227239,0.14744525547445259,2.7895403077993544e-17
ROAD,0.03065693430656934,0.03748905109489051,0.0072560246622211605,0.03065693430656935,1.046077615424758e-17
KTB,0.0072992700729927005,0.03791240875912408,0.007647675593690496,0.0072992700729927005,0.0
PLXS,0.05255474452554744,0.03611678832116788,0.007617115709603549,0.052554744525547446,6.973850769498386e-18
GVA,0.1386861313868613,0.036583941605839415,0.0068436115194343205,0.1386861313868613,0.0
FBK,0.16058394160583941,0.03452554744525547,0.006854784872799621,0.16058394160583941,0.0
WWW,0.01751824817518248,0.03703649635036496,0.007282011595750304,0.017518248175182487,6.973850769498386e-18
USB,0.03795620437956204,0.035474452554744525,0.0068677269503349845,0.03795620437956204,0.0
EWBC,0.07445255474452554,0.03642335766423358,0.006480263104920139,0.07445255474452554,0.0
BANF,0.145985401459854,0.03581021897810219,0.007325632553102311,0.145985401459854,0.0
CATY,0.07153284671532846,0.03643795620437956,0.006478751448554802,0.07153284671532846,0.0
FHI,0.00145985401459854,0.03633576642335767,0.006658912434352522,0.0014598540145985394,6.537985096404737e-19
LC,0.010218978102189781,0.03689051094890511,0.0075038929114065725,0.010218978102189778,3.486925384749193e-18
FMCCT,0.01313868613138686,0.036613138686131384,0.006770431944947176,0.013138686131386862,1.7434626923745965e-18
AXON,0.0437956204379562,0.036218978102189776,0.006949350573114314,0.043795620437956206,6.973850769498386e-18
SOFI,0.02335766423357664,0.03820437956204379,0.00708846975797762,0.02335766423357663,1.046077615424758e-17
SEIC,0.032116788321167884,0.03678832116788321,0.006385307528423282,0.03211678832116788,6.973850769498386e-18
DAVE,0.00875912408759124,0.037080291970802925,0.0073301712637763245,0.008759124087591243,3.486925384749193e-18
LMT,0.00145985401459854,0.03583941605839416,0.007245618646884805,0.0014598540145985394,6.537985096404737e-19
SO,0.01751824817518248,0.036627737226277365,0.0068034664905244485,0.017518248175182487,6.973850769498386e-18
AFL,0.04525547445255474,0.03778102189781022,0.0072690667602443755,0.04525547445255474,0.0
AEP,0.00437956204379562,0.03557664233576642,0.00680840073373582,0.004379562043795622,1.7434626923745965e-18
D,0.00437956204379562,0.0377956204379562,0.007193497438199062,0.004379562043795622,1.7434626923745965e-18
AVB,0.040875912408759124,0.036043795620437954,0.007851128456920006,0.04087591240875911,1.3947701538996772e-17
VTR,0.0364963503649635,0.03745985401459854,0.007360123829793178,0.0364963503649635,0.0
EQR,0.020437956204379562,0.03630656934306569,0.006282171451535018,0.020437956204379555,6.973850769498386e-18
ESS,0.014598540145985401,0.03721167883211678,0.006930118216514342,0.014598540145985401,0.0
DOC,0.00583941605839416,0.03655474452554744,0.006508587132966162,0.005839416058394158,2.615194038561895e-18
CPT,0.020437956204379562,0.03740145985401459,0.006887383587309485,0.020437956204379555,6.973850769498386e-18
PNW,0.04233576642335766,0.035605839416058396,0.007674201710158769,0.04233576642335765,6.973850769498386e-18
NFE,0.01897810218978102,0.03702189781021897,0.0076253071005090356,0.01897810218978102,0.0
CVLT,0.03503649635036496,0.03697810218978102,0.006499104300929041,0.03503649635036497,1.3947701538996772e-17
MO,0.040875912408759124,0.03608759124087591,0.0063822051470249904,0.04087591240875911,1.3947701538996772e-17
IP,0.020437956204379562,0.035635036496350365,0.006752650742280677,0.020437956204379555,6.973850769498386e-18
TYL,0.03357664233576642,0.03721167883211679,0.0064706888617600405,0.03357664233576641,6.973850769498386e-18
EL,0.00875912408759124,0.03705109489051095,0.007617567877997139,0.008759124087591243,3.486925384749193e-18
MAA,0.029197080291970802,0.03703649635036496,0.007129652033175168,0.029197080291970802,0.0
PPC,0.00583941605839416,0.03655474452554744,0.007229393468618315,0.005839416058394158,2.615194038561895e-18
ACIW,0.12116788321167883,0.036262773722627734,0.007796166628340702,0.12116788321167889,5.579080615598709e-17
IRT,0.014598540145985401,0.036613138686131384,0.00689956254681074,0.014598540145985401,0.0
CPK,0.058394160583941604,0.03551824817518248,0.006934962347288505,0.058394160583941604,0.0
BKU,0.10072992700729927,0.03599999999999999,0.006335283252579101,0.10072992700729921,5.579080615598709e-17
NBTB,0.05547445255474452,0.03716788321167883,0.007410259904240173,0.0554744525547445,2.092155230849516e-17
LMAT,0.016058394160583942,0.03703649635036496,0.006517626807244891,0.01605839416058394,3.486925384749193e-18
BY,0.0875912408759124,0.03618978102189781,0.00653293424337427,0.08759124087591241,1.3947701538996772e-17
UVSP,0.14306569343065692,0.0362043795620438,0.0071276740760443545,0.14306569343065692,0.0
CTAS,0.016058394160583942,0.03610218978102189,0.00677734396381425,0.01605839416058394,3.486925384749193e-18
FICO,0.03357664233576642,0.03564963503649635,0.006860451016477707,0.03357664233576641,6.973850769498386e-18
FITB,0.10656934306569342,0.03724087591240875,0.007092841552678671,0.1065693430656934,1.3947701538996772e-17
CINF,0.0437956204379562,0.03645255474452555,0.007616649382832939,0.043795620437956206,6.973850769498386e-18
KIM,0.029197080291970802,0.03630656934306569,0.006824191573093464,0.029197080291970802,0.0
FTAI,0.00291970802919708,0.03781021897810219,0.0079188492149968,0.002919708029197079,1.3075970192809475e-18
OHI,0.04233576642335766,0.03837956204379562,0.007006730911601008,0.04233576642335765,6.973850769498386e-18
VNOM,0.01167883211678832,0.03630656934306569,0.00627531434403277,0.011678832116788315,5.23038807712379e-18
ARMK,0.0072992700729927005,0.03575182481751824,0.0068520207325384625,0.0072992700729927005,0.0
WAL,0.11532846715328467,0.03757664233576642,0.00709928806806302,0.11532846715328465,1.3947701538996772e-17
MLI,0.06131386861313868,0.03743065693430656,0.007398921623437848,0.0613138686131387,2.092155230849516e-17
BRX,0.04817518248175182,0.03648175182481751,0.00682999341243704,0.04817518248175183,6.973850769498386e-18
INGR,0.010218978102189781,0.03702189781021897,0.006689955881994256,0.010218978102189778,3.486925384749193e-18
CSWI,0.02335766423357664,0.03576642335766423,0.007013502133080465,0.02335766423357663,1.046077615424758e-17
KRG,0.01167883211678832,0.03710948905109489,0.007021723216632948,0.011678832116788315,5.23038807712379e-18
SLG,0.01751824817518248,0.03659854014598541,0.007161585765280412,0.017518248175182487,6.973850769498386e-18
ABCB,0.13430656934306567,0.035678832116788316,0.007522416701633911,0.13430656934306565,2.7895403077993544e-17
CNS,0.02627737226277372,0.035985401459854,0.008077312549647471,0.026277372262773723,3.486925384749193e-18
SBRA,0.02335766423357664,0.03797080291970802,0.007401757821925109,0.02335766423357663,1.046077615424758e-17
CNK,0.029197080291970802,0.03776642335766423,0.007050711575678209,0.029197080291970802,0.0
CDP,0.02627737226277372,0.0358978102189781,0.0066498544018867975,0.026277372262773723,3.486925384749193e-18
AKR,0.08905109489051094,0.0368029197080292,0.0075337834281827745,0.08905109489051095,1.3947701538996772e-17
UE,0.04525547445255474,0.03668613138686131,0.007044602593002996,0.04525547445255474,0.0
AAT,0.00875912408759124,0.0372992700729927,0.006813836911534092,0.008759124087591243,3.486925384749193e-18
PRM,0.02627737226277372,0.03743065693430656,0.006393797646971033,0.026277372262773723,3.486925384749193e-18
SASR,0.13284671532846715,0.0368905109489051,0.006200080046966288,0.13284671532846715,0.0
QCRH,0.11386861313868613,0.03613138686131387,0.006208823455910368,0.11386861313868614,1.3947701538996772e-17
FBMS,0.12992700729927006,0.036759124087591244,0.007167970455812708,0.12992700729927006,0.0
DTE,0.00583941605839416,0.0370948905109489,0.007885054713406859,0.005839416058394158,2.615194038561895e-18
CMS,0.014598540145985401,0.038058394160583944,0.007680818925327715,0.014598540145985401,0.0
EPRT,0.05401459854014598,0.03687591240875912,0.006520813317602358,0.054014598540145994,1.3947701538996772e-17
EFC,0.00291970802919708,0.03651094890510949,0.0077401192912570855,0.002919708029197079,1.3075970192809475e-18
RDW,0.00875912408759124,0.03770802919708029,0.007154969730222697,0.008759124087591243,3.486925384749193e-18
KEY,0.06277372262773723,0.03881751824817518,0.0071188949859269076,0.06277372262773721,1.3947701538996772e-17
MSTR,0.00437956204379562,0.03535766423357664,0.006942795845065424,0.004379562043795622,1.7434626923745965e-18
OWL,0.00291970802919708,0.0372992700729927,0.007624897739963094,0.002919708029197079,1.3075970192809475e-18
RJF,0.016058394160583942,0.03675912408759124,0.008119855758277542,0.01605839416058394,3.486925384749193e-18
MIR,0.00875912408759124,0.03798540145985401,0.007391527852318647,0.008759124087591243,3.486925384749193e-18
TGNA,0.00291970802919708,0.03813138686131387,0.007545161561732941,0.002919708029197079,1.3075970192809475e-18
HIG,0.00583941605839416,0.036262773722627734,0.006254921625186509,0.005839416058394158,2.615194038561895e-18
EHC,0.010218978102189781,0.03597080291970803,0.006171072627471021,0.010218978102189778,3.486925384749193e-18
HLNE,0.0072992700729927005,0.036598540145985396,0.006975816493909021,0.0072992700729927005,0.0
BKH,0.014598540145985401,0.036,0.0069385777134668,0.014598540145985401,0.0
MRVL,0.00291970802919708,0.03686131386861314,0.00758243069994432,0.002919708029197079,1.3075970192809475e-18
CRDO,0.00291970802919708,0.03527007299270073,0.007367432241117803,0.002919708029197079,1.3075970192809475e-18
IONQ,0.00583941605839416,0.03651094890510949,0.006954924199090638,0.005839416058394158,2.615194038561895e-18
GHC,0.020437956204379562,0.03671532846715328,0.007251558288129727,0.020437956204379555,6.973850769498386e-18
REGN,0.00145985401459854,0.03817518248175182,0.006305156709192645,0.0014598540145985394,6.537985096404737e-19
MYGN,0.00145985401459854,0.034992700729927,0.007334443015537002,0.0014598540145985394,6.537985096404737e-19
FCNCA,0.03065693430656934,0.03624817518248175,0.0077638900695166345,0.03065693430656935,1.046077615424758e-17
SSB,0.08029197080291971,0.03578102189781021,0.007560025772510894,0.08029197080291971,0.0
CBSH,0.08467153284671532,0.03624817518248175,0.007575841207720146,0.0846715328467153,1.3947701538996772e-17
PB,0.12992700729927006,0.03616058394160584,0.00744340476598224,0.12992700729927006,0.0
BOKF,0.12116788321167883,0.03681751824817518,0.007272915631603838,0.12116788321167889,5.579080615598709e-17
IDA,0.0364963503649635,0.036218978102189776,0.006661498181370158,0.0364963503649635,0.0
HOMB,0.11094890510948904,0.03671532846715329,0.009071514095023407,0.110948905109489,4.184310461699032e-17
CRVL,0.07737226277372262,0.03731386861313868,0.007811614210969208,0.07737226277372262,0.0
FULT,0.051094890510948905,0.03703649635036496,0.007701530956562313,0.0510948905109489,6.973850769498386e-18
EBC,0.1386861313868613,0.037474452554744526,0.007085432202394871,0.1386861313868613,0.0
FHB,0.07883211678832117,0.035810218978102194,0.007043991403340774,0.07883211678832117,0.0
CBU,0.12554744525547445,0.03694890510948905,0.007932959000141846,0.12554744525547443,2.7895403077993544e-17
FIBK,0.11970802919708029,0.03671532846715329,0.006766281344397989,0.11970802919708022,6.973850769498386e-17
INDB,0.0948905109489051,0.03635036496350364,0.006728394816230533,0.09489051094890513,2.7895403077993544e-17
PRK,0.05547445255474452,0.03654014598540145,0.006873852199730463,0.0554744525547445,2.092155230849516e-17
FFBC,0.12262773722627736,0.03613138686131387,0.005510828054942153,0.1226277372262774,4.184310461699032e-17
IBTX,0.12700729927007298,0.0357956204379562,0.0061987778902904385,0.127007299270073,2.7895403077993544e-17
PFS,0.07883211678832117,0.03770802919708029,0.007333268898802763,0.07883211678832117,0.0
LGND,0.040875912408759124,0.03613138686131387,0.0071288065614063785,0.04087591240875911,1.3947701538996772e-17
TRMK,0.08175182481751825,0.03677372262773722,0.007117685312982279,0.08175182481751822,2.7895403077993544e-17
EFSC,0.1386861313868613,0.036437956204379555,0.008392432559536778,0.1386861313868613,0.0
NIC,0.08467153284671532,0.036248175182481746,0.007175999578149837,0.0846715328467153,1.3947701538996772e-17
CHCO,0.07737226277372262,0.03763503649635036,0.007511706265344249,0.07737226277372262,0.0
GABC,0.07591240875912408,0.037459854014598545,0.006032421950003103,0.07591240875912408,0.0
BHLB,0.13430656934306567,0.03744525547445255,0.007298901413679201,0.13430656934306565,2.7895403077993544e-17
RBCAA,0.10510948905109488,0.03564963503649635,0.006794236810259067,0.10510948905109489,1.3947701538996772e-17
PFBC,0.04671532846715328,0.037167883211678826,0.0063529280468584285,0.04671532846715326,2.092155230849516e-17
OCFC,0.058394160583941604,0.03759124087591241,0.0076164232747272555,0.058394160583941604,0.0
PFC,0.07445255474452554,0.03681751824817518,0.007177574332843714,0.07445255474452554,0.0
AMAL,0.09927007299270073,0.037182481751824814,0.007497004681190216,0.09927007299270071,1.3947701538996772e-17
CTBI,0.1416058394160584,0.0371970802919708,0.006329368049359954,0.14160583941605842,2.7895403077993544e-17
HFWA,0.12262773722627736,0.035722627737226266,0.006447225300848475,0.1226277372262774,4.184310461699032e-17
PEG,0.014598540145985401,0.03773722627737226,0.007209878043055639,0.014598540145985401,0.0
LII,0.010218978102189781,0.03756204379562044,0.008226461498939566,0.010218978102189778,3.486925384749193e-18
DLTR,0.016058394160583942,0.03656934306569343,0.00729004799720283,0.01605839416058394,3.486925384749193e-18
CHRW,0.02627737226277372,0.0357956204379562,0.00736673094824666,0.026277372262773723,3.486925384749193e-18
CAVA,0.00291970802919708,0.035109489051094886,0.007209878043055639,0.002919708029197079,1.3075970192809475e-18
BDC,0.00875912408759124,0.037007299270072985,0.007227770436719079,0.008759124087591243,3.486925384749193e-18
ADMA,0.01751824817518248,0.036978102189781016,0.008744501052803024,0.017518248175182487,6.973850769498386e-18
CORZ,0.00583941605839416,0.037883211678832115,0.006994676999595559,0.005839416058394158,2.615194038561895e-18
EIG,0.014598540145985401,0.034978102189781014,0.006980952706595036,0.014598540145985401,0.0
MTZ,0.01897810218978102,0.03687591240875912,0.007041439113404975,0.01897810218978102,0.0
COTY,0.010218978102189781,0.035927007299270064,0.006821793721218617,0.010218978102189778,3.486925384749193e-18
MDU,0.02627737226277372,0.0371970802919708,0.008324336376492974,0.026277372262773723,3.486925384749193e-18
WGS,0.024817518248175182,0.036978102189781016,0.007082393344040214,0.02481751824817518,3.486925384749193e-18
PYPL,0.00145985401459854,0.03683211678832117,0.0071963697270085,0.0014598540145985394,6.537985096404737e-19
GD,0.00145985401459854,0.037503649635036496,0.0071508767560323335,0.0014598540145985394,6.537985096404737e-19
PAY,0.00145985401459854,0.037751824817518244,0.00689750300380031,0.0014598540145985394,6.537985096404737e-19
CRK,0.0072992700729927005,0.03594160583941606,0.007273507584888688,0.0072992700729927005,0.0
UTI,0.0072992700729927005,0.036744525547445256,0.007719399249363497,0.0072992700729927005,0.0
LQDT,0.00583941605839416,0.03646715328467153,0.007066950994129828,0.005839416058394158,2.615194038561895e-18
CLOV,0.00291970802919708,0.03744525547445255,0.006352775561743398,0.002919708029197079,1.3075970192809475e-18
IESC,0.00583941605839416,0.03646715328467153,0.007091278338470801,0.005839416058394158,2.615194038561895e-18
ATMU,0.00583941605839416,0.03610218978102189,0.007160383304506499,0.005839416058394158,2.615194038561895e-18
USLM,0.014598540145985401,0.03744525547445255,0.006889243051140116,0.014598540145985401,0.0
UCB,0.058394160583941604,0.0363941605839416,0.007596272698685849,0.058394160583941604,0.0
WSFS,0.0437956204379562,0.03534306569343065,0.006539521225465234,0.043795620437956206,6.973850769498386e-18
GEO,0.00291970802919708,0.0363941605839416,0.007158579234627355,0.002919708029197079,1.3075970192809475e-18
WRBY,0.0072992700729927005,0.03773722627737226,0.006775819159085896,0.0072992700729927005,0.0
LNG,0.020437956204379562,0.03683211678832117,0.007359056194540425,0.020437956204379555,6.973850769498386e-18
IRM,0.01751824817518248,0.03713868613138686,0.007915640792261935,0.017518248175182487,6.973850769498386e-18
MTG,0.01313868613138686,0.03795620437956205,0.008116196337847726,0.013138686131386862,1.7434626923745965e-18
AMRX,0.00583941605839416,0.03567883211678832,0.007052741640199011,0.005839416058394158,2.615194038561895e-18
ICUI,0.01313868613138686,0.036627737226277365,0.006669249407277231,0.013138686131386862,1.7434626923745965e-18
HIW,0.016058394160583942,0.03670072992700729,0.006558339888596183,0.01605839416058394,3.486925384749193e-18
HWKN,0.00875912408759124,0.037124087591240876,0.007678015716879156,0.008759124087591243,3.486925384749193e-18
HROW,0.01167883211678832,0.03843795620437956,0.007250608272506082,0.011678832116788315,5.23038807712379e-18
MET,0.00145985401459854,0.037226277372262764,0.007448160737052467,0.0014598540145985394,6.537985096404737e-19
OUT,0.00145985401459854,0.036058394160583936,0.006195373628638153,0.0014598540145985394,6.537985096404737e-19
AYI,0.00145985401459854,0.03702189781021897,0.006895942334439853,0.0014598540145985394,6.537985096404737e-19
IDT,0.00145985401459854,0.03684671532846715,0.007380277467249456,0.0014598540145985394,6.537985096404737e-19
DLR,0.00291970802919708,0.03740145985401459,0.007631684640434197,0.002919708029197079,1.3075970192809475e-18
ALL,0.00145985401459854,0.03740145985401459,0.007385117816158272,0.0014598540145985394,6.537985096404737e-19
KNF,0.00145985401459854,0.03656934306569343,0.007728652152928754,0.0014598540145985394,6.537985096404737e-19
GATX,0.0072992700729927005,0.03721167883211679,0.00697964202057163,0.0072992700729927005,0.0
NEM,0.00145985401459854,0.03620437956204379,0.006479017259843755,0.0014598540145985394,6.537985096404737e-19
CPRX,0.00875912408759124,0.03705109489051094,0.007145109512189637,0.008759124087591243,3.486925384749193e-18
SRE,0.00145985401459854,0.03783941605839416,0.006651747903001529,0.0014598540145985394,6.537985096404737e-19
SNDR,0.01897810218978102,0.03608759124087591,0.006875809248599942,0.01897810218978102,0.0
OXY,0.0072992700729927005,0.03740145985401459,0.0067739285601261835,0.0072992700729927005,0.0
DVN,0.00437956204379562,0.03728467153284671,0.006644429854481084,0.004379562043795622,1.7434626923745965e-18
APA,0.00145985401459854,0.036014598540145985,0.007097574624817307,0.0014598540145985394,6.537985096404737e-19
CHRD,0.010218978102189781,0.036802919708029194,0.006529638260518194,0.010218978102189778,3.486925384749193e-18
MUR,0.00583941605839416,0.037737226277372256,0.0076079393698109754,0.005839416058394158,2.615194038561895e-18
CIVI,0.00291970802919708,0.03738686131386861,0.00717851901984184,0.002919708029197079,1.3075970192809475e-18
BROS,0.00145985401459854,0.03702189781021897,0.007120180038246408,0.0014598540145985394,6.537985096404737e-19
ALHC,0.00291970802919708,0.03748905109489051,0.007623500102148284,0.002919708029197079,1.3075970192809475e-18
RBLX,0.00291970802919708,0.03705109489051095,0.0073676075539053955,0.002919708029197079,1.3075970192809475e-18
GDYN,0.01167883211678832,0.03652554744525547,0.0072384995137176125,0.011678832116788315,5.23038807712379e-18
JXN,0.00437956204379562,0.03728467153284672,0.007767673895192415,0.004379562043795622,1.7434626923745965e-18
PGNY,0.00145985401459854,0.035503649635036494,0.007431899810984169,0.0014598540145985394,6.537985096404737e-19
DOCU,0.01313868613138686,0.03654014598540146,0.006104204499932214,0.013138686131386862,1.7434626923745965e-18
UPST,0.010218978102189781,0.03633576642335766,0.006758386588104895,0.010218978102189778,3.486925384749193e-18
TILE,0.01313868613138686,0.03735766423357664,0.007036775356288567,0.013138686131386862,1.7434626923745965e-18
DAL,0.00291970802919708,0.03741605839416058,0.007156774709980783,0.002919708029197079,1.3075970192809475e-18
PWR,0.00583941605839416,0.03721167883211679,0.006676991634900968,0.005839416058394158,2.615194038561895e-18
VRT,0.00145985401459854,0.03633576642335766,0.007253101798124583,0.0014598540145985394,6.537985096404737e-19
EME,0.00583941605839416,0.03715328467153284,0.008146310969724187,0.005839416058394158,2.615194038561895e-18
FIX,0.00583941605839416,0.03684671532846715,0.006987733504132834,0.005839416058394158,2.615194038561895e-18
STRL,0.00437956204379562,0.03762043795620437,0.007148347571805605,0.004379562043795622,1.7434626923745965e-18
IDYA,0.0072992700729927005,0.03559124087591241,0.0065048155154684845,0.0072992700729927005,0.0
K,0.00875912408759124,0.03527007299270073,0.007572046810111966,0.008759124087591243,3.486925384749193e-18
RYAN,0.00291970802919708,0.03636496350364962,0.007674762712371609,0.002919708029197079,1.3075970192809475e-18
EXR,0.00145985401459854,0.03633576642335766,0.0066750569198711735,0.0014598540145985394,6.537985096404737e-19
NSA,0.00291970802919708,0.037912408759124085,0.006530165729568257,0.002919708029197079,1.3075970192809475e-18
NCLH,0.00145985401459854,0.03757664233576642,0.007378818908611019,0.0014598540145985394,6.537985096404737e-19
HEI,0.00145985401459854,0.03706569343065694,0.006815479553545707,0.0014598540145985394,6.537985096404737e-19
UDR,0.01751824817518248,0.03764963503649635,0.00781705496083394,0.017518248175182487,6.973850769498386e-18
UTHR,0.01167883211678832,0.037182481751824814,0.00732563255310231,0.011678832116788315,5.23038807712379e-18
SNA,0.00875912408759124,0.03602919708029197,0.007941597165293586,0.008759124087591243,3.486925384749193e-18
BRBR,0.0072992700729927005,0.03652554744525547,0.007253354071409691,0.0072992700729927005,0.0
GBX,0.00145985401459854,0.0374014598540146,0.0066940090948523654,0.0014598540145985394,6.537985096404737e-19
NUE,0.00145985401459854,0.0369051094890511,0.007391819085523212,0.0014598540145985394,6.537985096404737e-19
CLF,0.00291970802919708,0.038262773722627735,0.007467774126009205,0.002919708029197079,1.3075970192809475e-18
MCHP,0.00291970802919708,0.0358978102189781,0.00680346649052445,0.002919708029197079,1.3075970192809475e-18
ASH,0.00437956204379562,0.03734306569343065,0.008063455364582636,0.004379562043795622,1.7434626923745965e-18
EPAC,0.00875912408759124,0.037313868613138686,0.007197760579846547,0.008759124087591243,3.486925384749193e-18
EBAY,0.00145985401459854,0.037576642335766415,0.00784543695187679,0.0014598540145985394,6.537985096404737e-19
VMI,0.010218978102189781,0.036029197080291966,0.008017136518521647,0.010218978102189778,3.486925384749193e-18
TW,0.00583941605839416,0.038000000000000006,0.007325632553102311,0.005839416058394158,2.615194038561895e-18
NXRT,0.010218978102189781,0.035824817518248175,0.006728138857208256,0.010218978102189778,3.486925384749193e-18
NJR,0.00875912408759124,0.03668613138686131,0.006973964679267862,0.008759124087591243,3.486925384749193e-18
OGS,0.01313868613138686,0.037313868613138686,0.00727214602029689,0.013138686131386862,1.7434626923745965e-18
MGEE,0.00145985401459854,0.036072992700729924,0.0063525044680568165,0.0014598540145985394,6.537985096404737e-19
FCF,0.06277372262773723,0.037167883211678826,0.0077315622966303305,0.06277372262773721,1.3947701538996772e-17
FMBH,0.03941605839416058,0.034978102189781014,0.006793412970662961,0.03941605839416058,0.0
EQT,0.00145985401459854,0.03633576642335767,0.007115265350120146,0.0014598540145985394,6.537985096404737e-19
EXE,0.00145985401459854,0.03721167883211678,0.007770652534260554,0.0014598540145985394,6.537985096404737e-19
AUR,0.00145985401459854,0.03727007299270073,0.007748347341683655,0.0014598540145985394,6.537985096404737e-19
WOLF,0.00291970802919708,0.03484671532846715,0.007517650437337279,0.002919708029197079,1.3075970192809475e-18
SR,0.010218978102189781,0.037343065693430655,0.007680608720182614,0.010218978102189778,3.486925384749193e-18
CTRE,0.010218978102189781,0.03689051094890511,0.007763335507920108,0.010218978102189778,3.486925384749193e-18
BWIN,0.00583941605839416,0.03735766423357664,0.007507449354107816,0.005839416058394158,2.615194038561895e-18
PTGX,0.00875912408759124,0.037722627737226275,0.0069246023436864085,0.008759124087591243,3.486925384749193e-18
PDM,0.014598540145985401,0.037182481751824814,0.006876983210592301,0.014598540145985401,0.0
DOV,0.00145985401459854,0.03562043795620438,0.007713666363681344,0.0014598540145985394,6.537985096404737e-19
CR,0.00437956204379562,0.03646715328467153,0.007229572128764115,0.004379562043795622,1.7434626923745965e-18
DOW,0.00437956204379562,0.03576642335766423,0.006873993125863279,0.004379562043795622,1.7434626923745965e-18
LYB,0.00145985401459854,0.036598540145985396,0.006957276167187751,0.0014598540145985394,6.537985096404737e-19
WLK,0.00145985401459854,0.035868613138686126,0.007638662784691847,0.0014598540145985394,6.537985096404737e-19
CE,0.00875912408759124,0.0368029197080292,0.007242409215161304,0.008759124087591243,3.486925384749193e-18
LEA,0.00583941605839416,0.03694890510948905,0.006924524623958786,0.005839416058394158,2.615194038561895e-18
CVI,0.00291970802919708,0.03668613138686131,0.006767172109216405,0.002919708029197079,1.3075970192809475e-18
KSS,0.00145985401459854,0.03705109489051094,0.006742074457272212,0.0014598540145985394,6.537985096404737e-19
RCKT,0.010218978102189781,0.036934306569343066,0.00685517741595658,0.010218978102189778,3.486925384749193e-18
ASB,0.014598540145985401,0.03672992700729927,0.006680939938432924,0.014598540145985401,0.0
CVBF,0.020437956204379562,0.03652554744525546,0.007274099490001432,0.020437956204379555,6.973850769498386e-18
ATSG,0.0218978102189781,0.036248175182481746,0.007312691340193727,0.021897810218978103,3.486925384749193e-18
HAL,0.00437956204379562,0.036948905109489054,0.006915191915104332,0.004379562043795622,1.7434626923745965e-18
PBF,0.00437956204379562,0.03654014598540146,0.00762229990561035,0.004379562043795622,1.7434626923745965e-18
ATKR,0.00437956204379562,0.037153284671532845,0.007351798019337288,0.004379562043795622,1.7434626923745965e-18
ZM,0.00145985401459854,0.036,0.0065655571680867855,0.0014598540145985394,6.537985096404737e-19
PTON,0.00875912408759124,0.037693430656934306,0.007948370938335215,0.008759124087591243,3.486925384749193e-18
DX,0.00145985401459854,0.03741605839416058,0.007823551350644229,0.0014598540145985394,6.537985096404737e-19
CHH,0.00437956204379562,0.036627737226277365,0.007191102987814401,0.004379562043795622,1.7434626923745965e-18
NRG,0.00145985401459854,0.036350364963503655,0.007562886946539209,0.0014598540145985394,6.537985096404737e-19
AM,0.00145985401459854,0.03646715328467153,0.006541775741998899,0.0014598540145985394,6.537985096404737e-19
NVR,0.00145985401459854,0.03756204379562044,0.007741120467238613,0.0014598540145985394,6.537985096404737e-19
MHO,0.00145985401459854,0.036598540145985396,0.007286739964118962,0.0014598540145985394,6.537985096404737e-19
BIIB,0.00145985401459854,0.03672992700729927,0.006282394181954717,0.0014598540145985394,6.537985096404737e-19
BFH,0.0072992700729927005,0.036364963503649636,0.00717311913264925,0.0072992700729927005,0.0
Z,0.00437956204379562,0.037226277372262764,0.007647802260584774,0.004379562043795622,1.7434626923745965e-18
FOUR,0.00145985401459854,0.03661313868613139,0.007361469122179539,0.0014598540145985394,6.537985096404737e-19
TWLO,0.0072992700729927005,0.03786861313868613,0.007437517031218345,0.0072992700729927005,0.0
PL,0.00291970802919708,0.03740145985401459,0.00808105617576121,0.002919708029197079,1.3075970192809475e-18
L,0.00145985401459854,0.03675912408759124,0.007221826135121731,0.0014598540145985394,6.537985096404737e-19
TRU,0.00583941605839416,0.03756204379562044,0.0069498461875388915,0.005839416058394158,2.615194038561895e-18
FNF,0.014598540145985401,0.03724087591240875,0.00682999341243704,0.014598540145985401,0.0
BXP,0.00437956204379562,0.03667153284671533,0.0067723394133917016,0.004379562043795622,1.7434626923745965e-18
NMRK,0.00875912408759124,0.03661313868613139,0.006570342440798517,0.008759124087591243,3.486925384749193e-18
WBS,0.0072992700729927005,0.03788321167883211,0.0069452604046360885,0.0072992700729927005,0.0
FAF,0.00145985401459854,0.03648175182481752,0.008671425602414726,0.0014598540145985394,6.537985096404737e-19
GTY,0.03065693430656934,0.038642335766423355,0.007381254540294949,0.03065693430656935,1.046077615424758e-17
ALK,0.00291970802919708,0.03620437956204379,0.0074206526143051395,0.002919708029197079,1.3075970192809475e-18
AZPN,0.00145985401459854,0.036992700729927004,0.007176494538288622,0.0014598540145985394,6.537985096404737e-19
DG,0.00291970802919708,0.03585401459854014,0.0067437984219220325,0.002919708029197079,1.3075970192809475e-18
FYBR,0.00583941605839416,0.037722627737226275,0.007431436345559442,0.005839416058394158,2.615194038561895e-18
ZBRA,0.00291970802919708,0.03821897810218978,0.008021163193649473,0.002919708029197079,1.3075970192809475e-18
LINE,0.01167883211678832,0.037868613138686134,0.00740851668280312,0.011678832116788315,5.23038807712379e-18
U,0.00145985401459854,0.037343065693430655,0.006502829574982115,0.0014598540145985394,6.537985096404737e-19
SRRK,0.00145985401459854,0.03745985401459853,0.0069043657580184934,0.0014598540145985394,6.537985096404737e-19
PZZA,0.00145985401459854,0.03754744525547445,0.007247712925929136,0.0014598540145985394,6.537985096404737e-19
SVV,0.00291970802919708,0.03586861313868613,0.006863823367165435,0.002919708029197079,1.3075970192809475e-18
CBRL,0.00145985401459854,0.03576642335766423,0.006019132300171767,0.0014598540145985394,6.537985096404737e-19
CASY,0.00291970802919708,0.03703649635036496,0.007523375314847423,0.002919708029197079,1.3075970192809475e-18
FBNC,0.058394160583941604,0.037007299270072985,0.007260458639179084,0.058394160583941604,0.0
NWBI,0.0364963503649635,0.036277372262773715,0.006985438016587355,0.0364963503649635,0.0
TRUP,0.00291970802919708,0.03747445255474452,0.007772203745182331,0.002919708029197079,1.3075970192809475e-18
NHI,0.00291970802919708,0.03722627737226278,0.007416299899522003,0.002919708029197079,1.3075970192809475e-18
NMIH,0.00291970802919708,0.03732846715328467,0.00712240187563781,0.002919708029197079,1.3075970192809475e-18
PAA,0.00145985401459854,0.037883211678832115,0.007006976693894982,0.0014598540145985394,6.537985096404737e-19
PAGP,0.00291970802919708,0.03594160583941605,0.007066341737449919,0.002919708029197079,1.3075970192809475e-18
BJ,0.00145985401459854,0.036992700729927004,0.00629779483034255,0.0014598540145985394,6.537985096404737e-19
BBNX,0.00437956204379562,0.03654014598540146,0.007305033483692509,0.004379562043795622,1.7434626923745965e-18
BOH,0.04525547445255474,0.037562043795620434,0.007282602809686087,0.04525547445255474,0.0
EDR,0.00291970802919708,0.0364963503649635,0.006678619585672415,0.002919708029197079,1.3075970192809475e-18
NLY,0.00145985401459854,0.03656934306569343,0.0066378010387767,0.0014598540145985394,6.537985096404737e-19
AGNC,0.00145985401459854,0.03674452554744525,0.006978284815677589,0.0014598540145985394,6.537985096404737e-19
TRN,0.00437956204379562,0.036452554744525544,0.006470555786414663,0.004379562043795622,1.7434626923745965e-18
RBRK,0.00291970802919708,0.035737226277372254,0.007528595466983441,0.002919708029197079,1.3075970192809475e-18
BRC,0.00145985401459854,0.03597080291970803,0.006754005478500233,0.0014598540145985394,6.537985096404737e-19
CLH,0.00291970802919708,0.03854014598540146,0.007898434514328605,0.002919708029197079,1.3075970192809475e-18
SPXC,0.00145985401459854,0.037313868613138686,0.00748799738599526,0.0014598540145985394,6.537985096404737e-19
BV,0.00291970802919708,0.03709489051094891,0.0070428911282887415,0.002919708029197079,1.3075970192809475e-18
CIEN,0.00583941605839416,0.03674452554744525,0.0074150081026902554,0.005839416058394158,2.615194038561895e-18
UNFI,0.0072992700729927005,0.0365985401459854,0.007956153647748416,0.0072992700729927005,0.0
LAUR,0.00437956204379562,0.038379562043795626,0.007369112150463164,0.004379562043795622,1.7434626923745965e-18
TOL,0.00145985401459854,0.035824817518248175,0.006592388326748829,0.0014598540145985394,6.537985096404737e-19
TMHC,0.00145985401459854,0.036963503649635035,0.0074608092691609085,0.0014598540145985394,6.537985096404737e-19
GKOS,0.00145985401459854,0.03607299270072993,0.006647264125508323,0.0014598540145985394,6.537985096404737e-19
AORT,0.00145985401459854,0.03656934306569343,0.007348869307730448,0.0014598540145985394,6.537985096404737e-19
KVYO,0.00145985401459854,0.03762043795620437,0.006475211796238405,0.0014598540145985394,6.537985096404737e-19
AXGN,0.00291970802919708,0.03728467153284671,0.007756580540543454,0.002919708029197079,1.3075970192809475e-18
UMH,0.00583941605839416,0.03627737226277372,0.007031511537999499,0.005839416058394158,2.615194038561895e-18
INVA,0.00583941605839416,0.036087591240875905,0.007018350056421392,0.005839416058394158,2.615194038561895e-18
AIZ,0.00145985401459854,0.036846715328467144,0.008742198988722517,0.0014598540145985394,6.537985096404737e-19
RVLV,0.00291970802919708,0.037357664233576636,0.007173119132649249,0.002919708029197079,1.3075970192809475e-18
LPX,0.00583941605839416,0.03551824817518248,0.0064023269424882566,0.005839416058394158,2.615194038561895e-18
VLY,0.00437956204379562,0.03837956204379561,0.007049612349483638,0.004379562043795622,1.7434626923745965e-18
FFIN,0.0437956204379562,0.03687591240875912,0.007159676764625871,0.043795620437956206,6.973850769498386e-18
UBSI,0.029197080291970802,0.036963503649635035,0.007220335568269161,0.029197080291970802,0.0
SBCF,0.04817518248175182,0.03868613138686131,0.007083745796991383,0.04817518248175183,6.973850769498386e-18
STEL,0.049635036496350364,0.03652554744525547,0.007993203189138542,0.04963503649635036,6.973850769498386e-18
CNOB,0.00875912408759124,0.03614598540145985,0.00764110010804965,0.008759124087591243,3.486925384749193e-18
SUM,0.00145985401459854,0.03856934306569343,0.007197341856733556,0.0014598540145985394,6.537985096404737e-19
PAHC,0.00291970802919708,0.03670072992700729,0.007852019523787722,0.002919708029197079,1.3075970192809475e-18
RGLD,0.00145985401459854,0.037343065693430655,0.006966320740568777,0.0014598540145985394,6.537985096404737e-19
GATO,0.00145985401459854,0.03683211678832116,0.006034687554664509,0.0014598540145985394,6.537985096404737e-19
BRKL,0.0218978102189781,0.03687591240875912,0.006927399673161171,0.021897810218978103,3.486925384749193e-18
ACA,0.00145985401459854,0.036598540145985396,0.007092113107374853,0.0014598540145985394,6.537985096404737e-19
SEZL,0.00145985401459854,0.03772262773722627,0.007261481480139931,0.0014598540145985394,6.537985096404737e-19
BFC,0.04817518248175182,0.03683211678832117,0.006871972908468271,0.04817518248175183,6.973850769498386e-18
HESM,0.00145985401459854,0.03689051094890511,0.006812193873427952,0.0014598540145985394,6.537985096404737e-19
NBHC,0.03065693430656934,0.03636496350364963,0.007336321211464105,0.03065693430656935,1.046077615424758e-17
CUBE,0.00145985401459854,0.03605839416058394,0.007419201993117531,0.0014598540145985394,6.537985096404737e-19
7LX.F,0.00291970802919708,0.03716788321167883,0.006994815491444176,0.002919708029197079,1.3075970192809475e-18
LUNR,0.00145985401459854,0.03680291970802919,0.007345704987669405,0.0014598540145985394,6.537985096404737e-19
FRT,0.00291970802919708,0.03656934306569343,0.007013118451790587,0.002919708029197079,1.3075970192809475e-18
LAD,0.00145985401459854,0.03627737226277373,0.006873601657249056,0.0014598540145985394,6.537985096404737e-19
ATEN,0.00291970802919708,0.036963503649635035,0.007048344973236992,0.002919708029197079,1.3075970192809475e-18
KD,0.00145985401459854,0.03743065693430657,0.00699512324129106,0.0014598540145985394,6.537985096404737e-19
FRME,0.04525547445255474,0.03728467153284671,0.007459481892456336,0.04525547445255474,0.0
WSBC,0.02627737226277372,0.037182481751824814,0.007700971904369071,0.026277372262773723,3.486925384749193e-18
RNST,0.032116788321167884,0.035445255474452556,0.0068002541469002874,0.03211678832116788,6.973850769498386e-18
HCKT,0.00291970802919708,0.03713868613138686,0.007188782603452802,0.002919708029197079,1.3075970192809475e-18
IBOC,0.02773722627737226,0.036175182481751826,0.007639578633217977,0.02773722627737225,1.046077615424758e-17
AX,0.024817518248175182,0.03694890510948905,0.00661610170795392,0.02481751824817518,3.486925384749193e-18
PEBO,0.020437956204379562,0.03750364963503649,0.007787809428933804,0.020437956204379555,6.973850769498386e-18
MTSI,0.00145985401459854,0.0351970802919708,0.007429046143059208,0.0014598540145985394,6.537985096404737e-19
LUMN,0.00145985401459854,0.036583941605839415,0.007063416573868401,0.0014598540145985394,6.537985096404737e-19
FNB,0.01313868613138686,0.036583941605839415,0.0076233306740920775,0.013138686131386862,1.7434626923745965e-18
KMPR,0.00437956204379562,0.03683211678832117,0.006514983959035814,0.004379562043795622,1.7434626923745965e-18
HSTM,0.00437956204379562,0.03740145985401459,0.0063980384813901335,0.004379562043795622,1.7434626923745965e-18
CACI,0.00145985401459854,0.03728467153284671,0.00729018087787932,0.0014598540145985394,6.537985096404737e-19
ZETA,0.00145985401459854,0.03642335766423357,0.0063017415935952125,0.0014598540145985394,6.537985096404737e-19
PII,0.00145985401459854,0.03655474452554744,0.007020926070476359,0.0014598540145985394,6.537985096404737e-19
WFRD,0.00145985401459854,0.036452554744525544,0.0071501542232567635,0.0014598540145985394,6.537985096404737e-19
MODG,0.0072992700729927005,0.03672992700729927,0.006716290093963184,0.0072992700729927005,0.0
PEGA,0.00145985401459854,0.03681751824817518,0.007272915631603838,0.0014598540145985394,6.537985096404737e-19
MAC,0.00291970802919708,0.03611678832116788,0.006641837462562317,0.002919708029197079,1.3075970192809475e-18
TPC,0.00145985401459854,0.03578102189781021,0.007059377247752473,0.0014598540145985394,6.537985096404737e-19
DINO,0.00145985401459854,0.03671532846715329,0.006945260404636088,0.0014598540145985394,6.537985096404737e-19
NWE,0.00145985401459854,0.03662773722627737,0.007229914548369935,0.0014598540145985394,6.537985096404737e-19
HR,0.00145985401459854,0.03741605839416058,0.0069244002705801475,0.0014598540145985394,6.537985096404737e-19
ACT,0.00291970802919708,0.03667153284671532,0.007155646650987219,0.002919708029197079,1.3075970192809475e-18
USM,0.00145985401459854,0.03786861313868613,0.007211206586447496,0.0014598540145985394,6.537985096404737e-19
OXLC,0.00145985401459854,0.0363941605839416,0.006832388386600651,0.0014598540145985394,6.537985096404737e-19
INOD,0.00291970802919708,0.03677372262773723,0.007237651885508645,0.002919708029197079,1.3075970192809475e-18
AUB,0.01751824817518248,0.03635036496350365,0.007471246916358916,0.017518248175182487,6.973850769498386e-18
SBSI,0.01167883211678832,0.03662773722627737,0.008247995749112304,0.011678832116788315,5.23038807712379e-18
MTH,0.00291970802919708,0.035109489051094886,0.006362933237349846,0.002919708029197079,1.3075970192809475e-18
KBH,0.00145985401459854,0.036452554744525544,0.006543338636792692,0.0014598540145985394,6.537985096404737e-19
TPH,0.00145985401459854,0.03551824817518248,0.00772776078926884,0.0014598540145985394,6.537985096404737e-19
PPBI,0.00291970802919708,0.036043795620437954,0.008067498946351684,0.002919708029197079,1.3075970192809475e-18
LOPE,0.00145985401459854,0.03629197080291971,0.007312588306914202,0.0014598540145985394,6.537985096404737e-19
TIPT,0.0072992700729927005,0.03795620437956204,0.008118848256342888,0.0072992700729927005,0.0
XRAY,0.00437956204379562,0.03635036496350364,0.006576302768023318,0.004379562043795622,1.7434626923745965e-18
MSGS,0.00437956204379562,0.03740145985401459,0.006792969323342162,0.004379562043795622,1.7434626923745965e-18
MNKD,0.00145985401459854,0.036248175182481746,0.007061084716564557,0.0014598540145985394,6.537985096404737e-19
NWN,0.00291970802919708,0.0364963503649635,0.006916141315597029,0.002919708029197079,1.3075970192809475e-18
TCBK,0.03357664233576642,0.03762043795620438,0.007148347571805605,0.03357664233576641,6.973850769498386e-18
GSHD,0.00145985401459854,0.03732846715328467,0.006536096823233272,0.0014598540145985394,6.537985096404737e-19
JBI,0.00875912408759124,0.03560583941605839,0.007936214671741586,0.008759124087591243,3.486925384749193e-18
SRCE,0.02773722627737226,0.03718248175182482,0.0068926169307392815,0.02773722627737225,1.046077615424758e-17
MCRI,0.00145985401459854,0.03731386861313868,0.0067085932199081955,0.0014598540145985394,6.537985096404737e-19
WABC,0.00437956204379562,0.03632116788321168,0.006730889906602291,0.004379562043795622,1.7434626923745965e-18
WTTR,0.00291970802919708,0.03670072992700729,0.005938189908475253,0.002919708029197079,1.3075970192809475e-18
TTMI,0.00145985401459854,0.03783941605839416,0.007790531683151921,0.0014598540145985394,6.537985096404737e-19
SM,0.00145985401459854,0.037868613138686134,0.007060368239757028,0.0014598540145985394,6.537985096404737e-19
SITM,0.00145985401459854,0.03664233576642335,0.007731785037614405,0.0014598540145985394,6.537985096404737e-19
HI,0.00291970802919708,0.03798540145985401,0.007882010061314455,0.002919708029197079,1.3075970192809475e-18
BNL,0.00145985401459854,0.036613138686131384,0.006871424685033794,0.0014598540145985394,6.537985096404737e-19
RWT,0.00145985401459854,0.03694890510948905,0.007949224024274696,0.0014598540145985394,6.537985096404737e-19
GIC,0.00145985401459854,0.03753284671532846,0.00825112711666773,0.0014598540145985394,6.537985096404737e-19
PTEN,0.00145985401459854,0.03604379562043796,0.006811688243509436,0.0014598540145985394,6.537985096404737e-19
VTLE,0.00291970802919708,0.036802919708029194,0.006857673464535131,0.002919708029197079,1.3075970192809475e-18
HOPE,0.00875912408759124,0.037313868613138686,0.007490871702792735,0.008759124087591243,3.486925384749193e-18
APLS,0.00145985401459854,0.03735766423357664,0.007371448778776604,0.0014598540145985394,6.537985096404737e-19
TXG,0.00145985401459854,0.03721167883211678,0.007759563437983715,0.0014598540145985394,6.537985096404737e-19
SLVM,0.00145985401459854,0.035109489051094886,0.00761359635683282,0.0014598540145985394,6.537985096404737e-19
CWK,0.00875912408759124,0.036656934306569335,0.007184514134462345,0.008759124087591243,3.486925384749193e-18
HNI,0.00437956204379562,0.034744525547445254,0.005485868801322825,0.004379562043795622,1.7434626923745965e-18
DK,0.00145985401459854,0.03610218978102189,0.007713261692566235,0.0014598540145985394,6.537985096404737e-19
WAFD,0.00145985401459854,0.036,0.006888758701344741,0.0014598540145985394,6.537985096404737e-19
DV,0.00145985401459854,0.03691970802919708,0.0065263406130996555,0.0014598540145985394,6.537985096404737e-19
COUR,0.00145985401459854,0.03743065693430656,0.006927088914559316,0.0014598540145985394,6.537985096404737e-19
OFG,0.00437956204379562,0.03635036496350365,0.006536903694897316,0.004379562043795622,1.7434626923745965e-18
EQC,0.00145985401459854,0.03735766423357664,0.0074383129433895105,0.0014598540145985394,6.537985096404737e-19
AGIO,0.00145985401459854,0.03684671532846715,0.007496042695633027,0.0014598540145985394,6.537985096404737e-19
STBA,0.0072992700729927005,0.03614598540145986,0.00744995247329055,0.0072992700729927005,0.0
NTLA,0.00291970802919708,0.036423357664233574,0.007553986706975814,0.002919708029197079,1.3075970192809475e-18
IBTA,0.00145985401459854,0.036175182481751826,0.007141493199825085,0.0014598540145985394,6.537985096404737e-19
GTII.CN,0.00145985401459854,0.03820437956204379,0.007584361017889237,0.0014598540145985394,6.537985096404737e-19
INSW,0.00145985401459854,0.038277372262773716,0.0070045338493606646,0.0014598540145985394,6.537985096404737e-19
LPG,0.00145985401459854,0.03779562043795621,0.007069737673859205,0.0014598540145985394,6.537985096404737e-19
ALEX,0.00291970802919708,0.036583941605839415,0.0070695092988167845,0.002919708029197079,1.3075970192809475e-18
EYE,0.00145985401459854,0.03515328467153284,0.007159857164415036,0.0014598540145985394,6.537985096404737e-19
OPFI,0.00145985401459854,0.038000000000000006,0.0063326832834835495,0.0014598540145985394,6.537985096404737e-19
