Ticker,Eigenvector_Centrality,ER_eigen_Mean,ER_eigen_Std,DP_Eigen_Mean,DP_Eigen_Std
BRK-B,0.004662544647891972,0.03739810341780138,0.007636244835941808,0.010441812996530313,0.0016094367731466898
PGR,0.002504340794673916,0.03706204239821401,0.007648656484424804,0.0073951738456536015,0.0013155362068163771
WELL,0.019746584732569312,0.03773798044032266,0.007648077738480355,0.039740564170926446,0.0029612004281250547
WEC,0.01578250193229877,0.03790286679073289,0.0077182259275851576,0.024674647186511977,0.002311533335703387
BRO,0.00989184048774942,0.03746274039629671,0.007639817345685742,0.027721545060778688,0.0025917211801380485
PPL,0.023076058142390395,0.03748890177885175,0.00783845779101632,0.04157367258208545,0.0030219246894446386
ATO,0.06321049383448873,0.03739348097484861,0.007501666336387378,0.06499473123817336,0.0038211618689502846
LNT,0.02048362536277371,0.0371192421088322,0.007773381390360434,0.047279454117572374,0.0032649701223462844
EVRG,0.02778990899221988,0.037393012640362815,0.007826791217942232,0.04265024569842853,0.0030799911635131954
ORI,0.06349559909430309,0.03719550361038274,0.007328005625026829,0.06680892918342834,0.003634652101427184
TOWN,0.07937251355400413,0.0371313383280215,0.0078395161434757,0.06697201921966274,0.003627294525977793
WMT,0.04568609755403897,0.03773290214060364,0.007710630253635122,0.07055608640856269,0.0037835759978262174
JPM,0.02286544281381673,0.03772859863974733,0.007695283019419938,0.04719651058344438,0.003225798202437149
COST,0.000655738496721444,0.03714785930853039,0.007511756490503038,0.0021237119644071305,0.000704041418555376
NFLX,0.010483445099023967,0.03759343012812663,0.007924625543745139,0.03761548192764474,0.002975820692116545
TMUS,0.020518370561036583,0.037382228510776654,0.007589962784231205,0.030816527807377866,0.002639119890615883
AXP,0.061381596272632614,0.03788462266989053,0.007867678292443003,0.07871417660750486,0.0038532808317085806
ISRG,0.03556115159726109,0.03716959560869075,0.007886820936319794,0.04628781796001213,0.003190514689070032
T,0.025723686824308794,0.03741702505638499,0.007693602694498042,0.04153654670489763,0.003189557465211758
GS,0.05378912923502564,0.03754882240122073,0.00767534588307728,0.07579157529859856,0.003805195338087342
BSX,0.015907476746260554,0.03708751228826179,0.007534099454290908,0.03369046633725331,0.0027891325538376495
WMB,0.062478129172025054,0.037070578389038406,0.00791400415291701,0.07306848783197833,0.0037763894591861915
SPG,0.03562587177063618,0.03757538486127633,0.007636135013818517,0.04069984097000804,0.003029137047005775
RCL,0.04624869066360035,0.037305028018752934,0.007750752505312754,0.08090196821984205,0.0038110720700518922
HLT,0.015826802297760425,0.037043721919797,0.007736990033395072,0.023711945036037893,0.0024383841256008145
BK,0.08155259131015664,0.03738410042900829,0.007738456211341526,0.09614612979667536,0.004022523137429447
KMI,0.06665367153062111,0.03730727524899617,0.007621925943858724,0.07756459081333233,0.0037702575112369074
HWM,0.03533312941754475,0.03748261971162736,0.00773269154751249,0.05010614116504288,0.003211603184852569
MPLX,0.020371732385262627,0.037383389704700294,0.00782544146336548,0.04930488703878886,0.0033346108056038918
NDAQ,0.09879310779364908,0.03762524374640081,0.007879063612534654,0.08870691824396432,0.004044501696447921
TRGP,0.07842742525236888,0.03764868836527941,0.007988032993010749,0.09025346863976623,0.0041561445621801215
GLW,0.006246978815873138,0.037256806084651345,0.008028664969618154,0.012435827760630926,0.0018031585453439998
ETR,0.04678302834525591,0.03718023276379341,0.007637410138830111,0.07126356411972207,0.003971879164685382
STT,0.10493170802003024,0.0374536156549778,0.008072108221807192,0.09869886153304927,0.004265189604733594
BR,0.01975487814239431,0.0375053763352797,0.007471529773320269,0.022664229468369705,0.002229609086802806
AEE,0.045200939219708615,0.0376454957655414,0.007692155977060357,0.05400609995927269,0.0033345603569402507
CVNA,0.06369543313073017,0.037784867650688926,0.008014001104489746,0.05853974543740705,0.00347198400317594
GDDY,0.021881668264272014,0.03786144414739175,0.008045312684962617,0.03272020405941862,0.00266682938725023
FOX,0.03405269666486518,0.03763637586348591,0.007795839034203599,0.05544671402974161,0.003481861188050539
FWONK,0.003914385983713419,0.037434633169785285,0.007763165046979631,0.012504683227657265,0.0017048323183254377
UI,0.04952815350119964,0.03755064715033203,0.007702301767647598,0.07051904395306445,0.00391657388973941
NTRA,0.015030597345955937,0.036835075382539016,0.00768450074973676,0.025653623407681507,0.0024307095833445507
NI,0.07491374094714695,0.03756141026657757,0.007653237717987913,0.08274294207670713,0.003943620846794764
PODD,0.010648633464539679,0.03737790207509828,0.0076033058186301804,0.01548937371718114,0.0018856456828754932
USFD,0.03665695581829555,0.03758179316600551,0.007990824477515267,0.04732525769506213,0.003245131360872822
CHWY,0.0014299214768449663,0.0372575985481882,0.007620929211612795,0.0063426117674510755,0.0012369061093273938
SFM,0.07740384713392971,0.037270954868220386,0.007307987286358142,0.09115024751781786,0.0040204025876999
PRMB,0.021321454150706333,0.03797881906090994,0.007584559374043388,0.04236384031984644,0.0030612836381423768
TKO,0.004355204796315656,0.03752585442919389,0.007897392201864285,0.01358129603795591,0.0017996715535730907
DTM,0.0661065188039206,0.0371788767919127,0.007589989603865286,0.08083877934086256,0.003983941538455356
TLN,0.0588909275587786,0.03725201948154882,0.007861941157048457,0.07397790158004756,0.003865409934348224
EXLS,0.05017267215799283,0.03713632695301543,0.007675438520220688,0.08378941667366206,0.003892202611492369
PLNT,0.011024713728325218,0.03761291180664257,0.007772234561605603,0.01975981765056477,0.0021119918204304208
WAY,0.016756826730304722,0.037465968119340304,0.007595155558721865,0.045291587169249935,0.0031110296319952152
EAT,0.013538701364645543,0.037032211836975526,0.007719228490041827,0.04629116741088544,0.0032338485725044
FSK,0.011667443745046063,0.037280089981968835,0.007606860943796953,0.03374203271451219,0.002856860151438109
CORT,0.04927143065533302,0.03762282381742111,0.007583043073153119,0.07143959057740057,0.0038097526102534858
PJT,0.09483059532793506,0.0373985478470181,0.0076600219248494405,0.0970325258273018,0.004068787861165763
GPI,0.04091219579055065,0.03706040325272644,0.007649618345086867,0.05100368449731236,0.003433774146954968
VIRT,0.06845153143173584,0.03747166857808579,0.007679067550489919,0.06504896061976694,0.0037323120713869474
IDCC,0.022706098384953063,0.03707654827481118,0.0073532529406321245,0.03658950656379949,0.0029646634997930123
TXNM,0.042486737763635526,0.03788925468331351,0.00801072576491642,0.05394731385003195,0.0033470314454184407
TGTX,0.04445543160050612,0.03699504754701113,0.007686067877049523,0.03963366217011247,0.0029756647564577045
AHR,0.04916016985054394,0.03752061561203132,0.007881148644177561,0.06306931926175419,0.0037031402988449025
CNO,0.12125080593615718,0.037373176124479324,0.0075944940987696654,0.11141144211125874,0.004310220274496373
TDS,0.031147296842149064,0.037230988667108195,0.00796611284946444,0.05305989875327542,0.0033664625182213905
GBTG,0.05000871691036069,0.03766315227356728,0.007847394313874266,0.05575138987394685,0.003547219644525208
KNTK,0.045021600588454315,0.03747243197256466,0.0074675893773674855,0.08090778234204304,0.003937707728942691
FTDR,0.08461733128360298,0.0377831062561186,0.007977397184682477,0.0774972451307441,0.0039181559943735
CARG,0.028513708496130875,0.03736092489839981,0.008003991590377717,0.04245883438208956,0.003064607903904988
AVPT,0.03821809594200555,0.03721189123291904,0.007547213941065401,0.07402652341712262,0.003863974841286266
HTLF,0.09198260295915188,0.03736932022890039,0.007456825694373337,0.10011412580689914,0.0042475032822342045
ENVA,0.1083526248057716,0.03711844697508606,0.007744351011925349,0.0985492481285651,0.00401209476654285
GCMG,0.029934767306861978,0.03716988471508997,0.007862269805065186,0.049172501179626314,0.003134958511118946
RSI,0.008571070571461541,0.03731369551459287,0.00759296196011517,0.018535971218698214,0.0021154848703433837
KYN,0.07434683341640884,0.03706333885760931,0.007857504163491624,0.09138247620523782,0.004049424429338937
SYBT,0.14540840166883442,0.037322510845012605,0.007595627924468665,0.12429509546858614,0.004248989234361854
CET,0.024970598182107836,0.03749135732625123,0.007906462259096268,0.04050127669480079,0.0030646566602834384
TPB,0.04733124116256079,0.03778827280625144,0.007859718662603038,0.07778539993811052,0.0037914419360141507
BBSI,0.0663174712006041,0.037179444036762876,0.00776095788797533,0.06955845125796568,0.0038709185522612473
CURLF,0.0011851738698993527,0.03693313837402207,0.00787304562040847,0.004202393668389908,0.0010179551391202224
CBL,0.01531868128048014,0.037172593291431535,0.007690794888370364,0.017731730563190655,0.0019843177746791335
PRTH,0.002917712002065674,0.03713794600613348,0.007651890365881928,0.007377176452318084,0.001325913738008422
NBN,0.1059896330575501,0.037147173078527086,0.007549920643851263,0.11141997731516136,0.00430122673825804
MS,0.040128415440008926,0.03750443567460192,0.007552527260814794,0.06711085141988458,0.0035402556931444463
C,0.0007577490950357982,0.03696578119756881,0.007773123261808322,0.008356327763958461,0.0014018171770296501
IBKR,0.012956319181433237,0.03731861551412507,0.007449361366346292,0.045702551483662805,0.0030498812388277644
EPD,0.007843192294214667,0.03717544693676848,0.007701069549924537,0.0196440151877026,0.0022357386164378007
ET,0.008002062891459844,0.03716171236565369,0.007791588440045161,0.0367035468726482,0.0029271112927634403
DFS,0.02114515977752797,0.03753162541295081,0.008092572434491987,0.05469550215481439,0.0032886846194633665
HOOD,0.0021363616824437294,0.03702709806968959,0.007694755760359304,0.02270867049476128,0.0024171354762842386
BKR,0.021797081880515504,0.037367718209043305,0.007509663574598613,0.037492177670352345,0.0029054838188208535
NTRS,0.035750706701543504,0.037334092216466754,0.007821461274544904,0.061398634796295225,0.003526078916978893
EQH,0.009492412670838507,0.037125043871780894,0.00748687103354199,0.025844279519020154,0.002420815984944307
ARCC,0.0047595883046164635,0.037213480129895934,0.0075159383003199605,0.019681893123833026,0.0021818900967676956
UNM,0.03981058869465728,0.03740542546601141,0.00787716831066833,0.07741043182761402,0.003934904787876366
FHN,0.017397721911019848,0.03770457693551352,0.007770091155651405,0.04623536319919208,0.0031870035194358627
ONB,0.04134697578420217,0.03777786482136409,0.007906061061359104,0.052971095078800434,0.0035286115283206
LRN,0.003859542367119556,0.03762525748906742,0.00741703541445487,0.011463265858626089,0.00176046199365017
MAIN,0.004390126102403787,0.037433472511847914,0.007355840918768092,0.023579930286423873,0.002279093361451574
SNEX,0.01854368157174106,0.03731203013943826,0.007696826991500416,0.043440251009145524,0.003089338919473764
ATGE,0.006844527743716214,0.03762573138960816,0.007780355599856257,0.018701064287594407,0.0021002844514980503
GRND,0.00493971537996756,0.03745866752276941,0.007908322014487879,0.015661461836698212,0.0018743328051844576
ARIS,0.004619486916283119,0.03738693601207037,0.007980771027716872,0.016447150406778185,0.0020215913532476617
V,3.083625764209635e-07,0.03720747901196595,0.0073765744455499774,0.0010503409113617845,0.000516661943578342
TPR,2.1508434190281203e-05,0.03746953653320729,0.007832246436737024,0.004228085544004206,0.0010169780929373728
MA,0.00010297288884864436,0.03740768667658486,0.007795806820911449,0.006274993264574429,0.001238548067464677
CSCO,0.002960574308925145,0.03774141953586968,0.008026790072467687,0.018626389052575257,0.0020821882674975463
CME,6.818661799131527e-06,0.03753569213730451,0.007637330090550659,0.0031792300610988286,0.0008822749617869877
DASH,0.00019195224320856752,0.0375762459923002,0.007717355315828899,0.008309350708612535,0.0013987053039166263
FTNT,0.00018074655024752977,0.03763551872435142,0.007745180456599808,0.00838141958046717,0.0013947256076999202
LYV,0.0028041962446332556,0.037054994782781715,0.007689588023582196,0.01971024145976399,0.002150532591026001
FFIV,0.0010398176739503512,0.037699660384939264,0.00749481460260624,0.015638132188881722,0.0019272713491595337
TJX,6.70893777098327e-05,0.037466795191627926,0.008024130874197444,0.0031737932883163164,0.0008762561059409773
ORCL,0.0004322954915968191,0.03746265856952652,0.007671072881837312,0.0010016718933976844,0.0004978620279105344
MSI,0.0301662073364725,0.037670665488121445,0.0077333121241210355,0.04423741003031841,0.0031077653302120684
PLTR,0.0014480944829311916,0.03777865041882038,0.00795423777351638,0.017661649914126748,0.0020103349393310655
APP,0.005850081685487891,0.03753728786822934,0.00792670946831991,0.03270602105439031,0.0027332404389795203
DOCS,0.0009075946000106694,0.03716447421978192,0.008024292829135884,0.00530117720948252,0.0011412367385301493
RKLB,0.004339002655693387,0.03762310231154052,0.007757540901973044,0.03164462219365498,0.002682993530346099
LLYVA,0.006123647225142293,0.03759042743022553,0.007572745648707489,0.040653968203836925,0.0029699311476580775
KGS,0.005053048931336666,0.03755413149411645,0.008049533037130206,0.03579132070824659,0.0027949803764909346
CAKE,0.005457461304793664,0.037817476034740755,0.00783693013295756,0.016533370067863123,0.0020055633786553906
DSP,0.0014041226298545334,0.03778768895954865,0.007619905010920789,0.01761746546920545,0.00201036407340822
BFLY,0.0014224173887865347,0.03717772663793659,0.0077271217675052494,0.017616292545099412,0.0020239448082901403
BAC,0.006296364083041508,0.03733888618386614,0.008014404072720114,0.012457896176665642,0.0017345957321884303
SYF,0.05089070505609164,0.037507907653011305,0.007703266603772814,0.07028511513387951,0.003874377661970945
FLS,0.012298629636878325,0.03726663445852637,0.007504096791733328,0.027793129236956433,0.002533592988593044
VCTR,0.011065559118682755,0.03778069860409912,0.007732384477307122,0.016613313456033167,0.0020250408085741075
SKYW,0.011979694692269168,0.037481272284528924,0.0076005289252788115,0.02362984618148296,0.0024643192911137208
ARLP,0.0024747469712496153,0.03753413268953259,0.007798650927071421,0.013529993294334118,0.0017808316739141316
PM,0.005786179469895123,0.0373247170406198,0.007628624055004126,0.0145283045006627,0.0018239818978415046
FI,0.03523032063749003,0.037432750226616095,0.008196620563082162,0.05482956619969782,0.003348196996354387
ADP,0.036465152416961216,0.03706822568008963,0.007308266090272446,0.04442768830439783,0.0031029795874487546
GEV,0.046918702145901006,0.037678546033321055,0.0074181036661677925,0.06865096274614031,0.0036123375606413374
GWRE,0.00911492186784184,0.03736965830076451,0.007513429219692045,0.012458178218803042,0.001736338623674353
OGE,0.05505784980309967,0.03766371567923866,0.007755669455060525,0.06515557701681374,0.0037874371293828597
BERY,0.05390018184275292,0.037368005047682486,0.007663289001313006,0.05022011534138058,0.003284212269704823
ESE,0.004114770625873719,0.03715656173955505,0.007665000735129127,0.005240228262611114,0.001136925832974256
WFC,0.0008724012411399408,0.03709193740182916,0.007963072284526451,0.006303806372744158,0.0012078929006345642
COF,0.005932778982285954,0.03718810906721579,0.007545119161553686,0.032672280067108386,0.002814032764025772
UAL,0.0033367423402756446,0.037559589784279326,0.007585555345581282,0.022730045870491433,0.0022232049399673946
TNL,9.754267244067923e-05,0.03721012709511352,0.008036573209530667,0.0020851918767204876,0.0007408361960523042
GILD,0.0029709663099088757,0.03746638203209641,0.007892821000728035,0.010425189412999337,0.0015908298939337892
EXPE,6.0735506563658106e-05,0.03743047496141787,0.008027623450734139,0.002077828362493623,0.000729567800172688
DUOL,0.00017315285539604294,0.03759334558395952,0.0075553049250801,0.004168624794320696,0.0010048333782650388
CFR,0.010465011009011083,0.03742574809334216,0.00757851208592956,0.022616711695235586,0.002270447898607423
WH,0.001276808590038441,0.03772539012975438,0.0074949997216897,0.021757601986765934,0.0022774707575140356
INTA,0.0036135415909120173,0.037358453981653,0.007536179930721137,0.015505852158933568,0.001960658230525753
TVTX,0.01066682087346861,0.03732355286736951,0.007384421742922281,0.017562372985883243,0.0020484982527359703
AJG,0.0005517509580762869,0.03709729114615283,0.007853851962126656,0.005251756446580895,0.0011327709675192405
DGX,0.005504802556654603,0.0373424087369828,0.007739535584749448,0.011438614827896014,0.0016281915839078543
LTH,0.00048033255607879627,0.037662400748552996,0.00799693952982193,0.006255033927216619,0.0012302912978662869
PBI,0.0015962525890386224,0.03723628327392783,0.0077065817467962495,0.004184894089286212,0.0009864923578789357
IBM,4.258018690513825e-05,0.037443379141928745,0.007753941896652997,0.0010712685444381864,0.0005238593745794268
MRK,0.0018831753958179038,0.037496428634645106,0.007683355709350427,0.00420813729439648,0.001002619920805522
ROIC,0.04495717024920088,0.037055615594307936,0.007643110144125155,0.046168678000469955,0.0032028776824693755
AMP,0.02080944871481549,0.03755273088760525,0.0075528258079593956,0.039522139789198815,0.0030368150181390567
ARES,0.023430991812647177,0.03696807908023216,0.0078082213241512585,0.03367236625029171,0.002792790628111214
VST,0.009407018963245533,0.037426559875623114,0.0076766010388317095,0.01772716766541214,0.0020870035215382215
TPL,0.05589468883393498,0.03772467590222929,0.007798104279025401,0.05653567575697962,0.0034293422225611155
CCL,0.008332849399058173,0.0373370329967471,0.007802605395686518,0.021727237551724152,0.0022594424375093035
HBAN,0.07219660709349814,0.03726004124597153,0.007721512943615174,0.0667415236071629,0.0035871707609834093
TOST,0.008465795537673067,0.03804040081287809,0.007789223675207277,0.024596958389940752,0.002377038292085676
SF,0.07121128716793138,0.0378162933176355,0.007927105787348211,0.07742682218895948,0.003859429918124326
AIT,0.04229299117973887,0.03748618167789883,0.007810124032489067,0.05139637804614341,0.0033426398785575593
WTFC,0.03577429628581054,0.03771258397866627,0.007559497554102451,0.053085381738801604,0.0034150019639882325
ZION,0.09923639595547316,0.037313973748770775,0.007861640562701076,0.08436265828405104,0.00402268615546909
SNV,0.1101174057586863,0.0372597329068675,0.007818259487088362,0.09533244199460474,0.004284223717157005
PRIM,0.023701099985646457,0.03742414747455615,0.007746711852876469,0.0375351554010374,0.0028699275096053444
BTSG,0.015689666834029187,0.037041388032796545,0.007535848762075623,0.02466914874796382,0.002372600442587576
EE,0.04019907032500443,0.03724399265783481,0.007866875275677126,0.0679220634496222,0.0038585808689185295
PAYO,0.05944447104399114,0.0371698864618918,0.007420894188023053,0.07219334195238773,0.00386265575048306
SMR,0.006275892523709215,0.037540333021412436,0.007852057703261042,0.009417130595824216,0.0015305679847012854
PWP,0.10506301585451193,0.03727915641054341,0.008100807190415458,0.08937921171768062,0.004101637589985046
AGX,0.024719876629107584,0.03725752096915075,0.007577898571891086,0.03367084392180215,0.0027918607401943205
KKR,0.07302141294106188,0.037392992594783576,0.0076760954781052845,0.07300958256267265,0.00383754332850574
CMI,0.027089671960241667,0.03726833436513283,0.007573011311954618,0.03471313203383014,0.0028649079972262095
WAB,0.0032968985405479154,0.03794511837652684,0.007548455523215245,0.00932977664025791,0.0015254517580789444
JEF,0.09781952848294811,0.03786858463718898,0.007856462092410274,0.08695952232535603,0.003969768437478323
HLI,0.13776116466783786,0.037404188968636246,0.007691250149545052,0.11861518951324003,0.004175229448976763
CRS,0.04461678054693168,0.037240050545395954,0.007660276467008976,0.05391546897122423,0.0035240548279140437
R,0.12641687780849936,0.037414471512716686,0.007629492838411827,0.10590765231778915,0.004167019732442453
QTWO,0.07110552049921315,0.03721025514991311,0.007548065087568392,0.06870255274961914,0.003740605509881252
MC,0.09122178215100989,0.03734123606661199,0.0074987072132807675,0.0651141644577592,0.003592911085991458
CALM,0.022802965117527618,0.03720940338991321,0.007520603313208844,0.030834359896096786,0.002592634416056357
WLFC,0.06266773944804158,0.037262994898339216,0.007840557743417404,0.06773024368624189,0.003577301868264711
LMB,0.053408286361774145,0.03758291753961371,0.007566018955145288,0.052037087948139,0.0033271906926920954
CBRE,0.06412343003710899,0.03748115430456563,0.007629358207044596,0.058767483476462844,0.003508023031428079
MMSI,0.017865423864313227,0.03705561618468363,0.007845062431446259,0.018715702421828746,0.002115165304531964
RL,5.169017325107178e-05,0.03736656020354219,0.00786433979543178,0.0031296862652302436,0.0008704519569718001
SLM,0.0010424907810360712,0.03745949614593532,0.0075834488505115835,0.012502312832749819,0.0017499793431625492
SSNC,0.0010751976867779888,0.03775801911741346,0.0077736164653101104,0.004156664453654143,0.0010329366658089682
COMP,0.001537439562016081,0.03758943286655244,0.00768059272085134,0.0021414708522363543,0.0007054615008474847
KOS,0.0017392062158395941,0.03714152050681976,0.0075316219256398535,0.005221504321148399,0.0011194096983466776
TFC,0.08195002369285544,0.03752746246700826,0.007762489087942914,0.06417669824744392,0.0036335277928218495
CFG,0.10274288069356592,0.03783466962724016,0.007432952776906933,0.08182070836293488,0.003930025756778791
GMED,0.0017904609559610911,0.03776844109608172,0.008021997533801178,0.009391956002152485,0.0014879568991769266
COOP,0.008112620525767332,0.03686025734337704,0.007663539926565304,0.014623665927487556,0.0019306701984244242
HWC,0.06080968498170844,0.0373384452584112,0.007640169681782193,0.04917209188504503,0.0032456982037059956
SANM,0.0008691754770221868,0.037892734594903284,0.008135012740919852,0.0031914911726964004,0.0008930242554208292
MWA,0.02996159775852221,0.037267616158049376,0.0076855975216668085,0.03175957114648895,0.002707514818667967
CASH,0.13469591648787116,0.037608063412215356,0.007718784682903497,0.10998998207226927,0.004314063554045799
NOW,0.0022927836644752904,0.037188237873872335,0.007739494270780864,0.007357165508138833,0.0013130044006656196
BLK,0.039776075527862706,0.03747934956185017,0.007728196309133256,0.0376553356352061,0.0028976819849460193
BX,0.050101623889896495,0.037358754701273554,0.007484918408188707,0.0492944997644657,0.003236713103350792
LITE,0.002429136924445541,0.03725554569683476,0.007674701154109214,0.007337077543938706,0.0013742494775698482
VCYT,0.006761014111571942,0.03744208072486896,0.007617108903350637,0.013564411270078075,0.001833523893335111
PAR,0.023594853889507637,0.0371188773545216,0.007650027908976181,0.03269774316440503,0.0026260917645166176
BKE,0.00037100284056885497,0.0369420372217379,0.007721750098755396,0.002104451567878006,0.000703394215753847
PX,0.03695411487314829,0.03753287266164295,0.00775046165532335,0.0404810243006305,0.003084184510614976
RTX,0.00041161393622833235,0.03770482619225716,0.007768982485869394,0.0052595374223608216,0.0011195155256200093
DUK,0.0007134303631545849,0.037293827144613614,0.0076714326428644845,0.018687191786987717,0.002092912546233554
MMM,0.004592546537476584,0.03714312150788674,0.007830793545373181,0.012525786014399359,0.0017437085039177177
SN,0.0003341736610901461,0.03715602867089278,0.007610489614807327,0.005267150179529195,0.0011430365588153463
BKV,5.901266639255325e-06,0.03779138951309467,0.007530107229265688,0.003125139577416446,0.0008553957031711196
BKNG,0.0011713690625805994,0.03720208788028221,0.0075398959577328015,0.004143118787936405,0.001035335996062659
APO,0.006337978858219232,0.0372257638591869,0.007753248011682132,0.025832840936448512,0.002376908578076064
SPGI,0.0009329943101064081,0.03737183109841678,0.0076460285613501955,0.008386696790440854,0.0014356810893403206
MCO,0.0025956632872014165,0.03726641396907609,0.007841243245568785,0.01553805044052092,0.0020303162051876944
REG,0.016583904982514358,0.037110857908183505,0.007843573437777952,0.029656788321211394,0.002675187954617906
GLPI,0.00025378420654853566,0.036879267391736865,0.007748436398584607,0.006319886199402324,0.0012395494113209803
JLL,0.018129191592711195,0.037146174005653614,0.007735394045149344,0.031766618078256995,0.0026514883147169387
COKE,0.00024396687375240032,0.03798249682450667,0.0077122769075666,0.007324052814093214,0.0012848824227453144
ADC,0.005089617893620179,0.03711256609943867,0.007296878242297505,0.0384830496010286,0.003016434823966049
FCPT,0.0017268418819798598,0.037404507993741516,0.007484839499659966,0.02375639670603008,0.0023409898678298127
NFG,0.0007866996252403288,0.03720197684120972,0.007668198576739865,0.00419919015242767,0.0010046501331397774
BCSF,0.0009355042068052871,0.0371321183368272,0.007770903369518862,0.006282458066441363,0.0012998594683131795
PNC,0.13481625499236427,0.037507823567080475,0.007884912225134709,0.11057965100639111,0.004285032655123376
MTB,0.11919042898962263,0.037504635076033695,0.0077239318299241275,0.09786965520030505,0.004126989458282625
TPG,0.015558025174230503,0.03745503606221538,0.007851160539851913,0.019621506920355733,0.00215564175538184
EVR,0.09058651223221754,0.03749974452289352,0.0076542798220456945,0.07763153499741168,0.003951886936715708
VNO,0.01863503613404324,0.037510557568493974,0.007355865481020409,0.021668937419681962,0.0023493740311851404
ALSN,0.04765120056161631,0.03729200582294715,0.0075458295718581975,0.048262046214074386,0.0030858703257130846
UMBF,0.12312621940518897,0.037844672558506556,0.007617732756981508,0.10432483547248989,0.004283972695183297
COLB,0.11394816634330027,0.03698180978684809,0.007723519492810487,0.09699819811980795,0.003957476908534489
GBCI,0.0750011812607458,0.03736363737975663,0.0075576796253083185,0.06491286371849327,0.0036158513041135735
CUZ,0.0662466954703674,0.03754819233725678,0.007775925297636219,0.06593283388338646,0.003706289750029116
SFBS,0.11802368700253822,0.03784882261015208,0.007477257757700242,0.09781187908031552,0.004222230166183833
DORM,0.07056819852754921,0.03740942910416615,0.007672738748231373,0.062472684943293354,0.003561199137357279
TCBI,0.0466625553919318,0.037059334181591734,0.008052612533132192,0.0434428866137579,0.0030073199540434047
DEI,0.03953002645091038,0.037321858205032477,0.007515751807974836,0.03766877597842088,0.0028719313318331663
SFNC,0.039074091603848324,0.0375033774022987,0.007738397201924096,0.035620253407660715,0.0027660963932325264
BANR,0.14482694417171244,0.037060570807060725,0.007631773901046976,0.1206794948205274,0.0043980940844958105
HBI,0.0027246249751676395,0.03714915047225274,0.007854738383137501,0.005282518159955364,0.0011405049018410821
VBTX,0.08065404507060592,0.037632693657104296,0.008018276091011982,0.0711442994502117,0.0037202421060877895
DCOM,0.11534314894562506,0.03696215255407232,0.007589923484054656,0.09787507639279783,0.004112746188645685
CMPO,0.03377689327612233,0.0371715970241972,0.007734583273299405,0.0444457996253006,0.003188338022168825
TMP,0.10326774781801576,0.037494725832533854,0.007954912464965066,0.08796474769761602,0.004119662132235823
AROC,0.0009780947683026271,0.03732447478611196,0.007969243673461114,0.010399323485306694,0.0015953915677451766
DXPE,0.00024263370666562683,0.037809163672471884,0.007786443950224,0.005216150005434871,0.0011264108580059768
VFC,4.258893840093095e-05,0.0376553007958411,0.007926031687552447,0.0020825592117248255,0.0007310016704276635
PH,0.014364361019209593,0.03742871199109718,0.007600881080101265,0.020616348198029984,0.0022365890656358823
PAYX,0.02030683044501819,0.0371760407928964,0.00777009174018796,0.023771559659233915,0.0023596104102864726
RDDT,0.003539012913317467,0.037292326606864164,0.007542834561132444,0.009345624146176882,0.0015303353437536445
EXEL,0.002938737156559367,0.037369641563697875,0.007960428408427504,0.004236234013192731,0.0010004299543197256
PNFP,0.08008009803537888,0.03732327482480241,0.007803801460099737,0.08089881027591736,0.0038777506877791116
CMA,0.039934710546506894,0.03730172395320707,0.007949825125125392,0.03381896934611627,0.0028947605295074974
AWI,0.012164276186445517,0.037680820340689467,0.00802493977542413,0.017641229229491347,0.002103282715029766
THG,0.008063401513607921,0.03738807242699122,0.007670669713299104,0.012505172475075365,0.0017597890412615232
CVCO,0.000620902099384869,0.037642388321756586,0.007838365787367062,0.003183353465508675,0.000885619559230631
XEL,0.00579496374710862,0.037202576684897494,0.00756294959405338,0.007344099835411095,0.0013068400657951264
CWAN,0.029129914069913953,0.037060625126797975,0.007903396742769292,0.02473043533044269,0.0023660068442437373
SKT,0.0020232769734843618,0.03739213184289005,0.00762467757852424,0.005252834909051846,0.0011357281762640183
IVT,0.06350679295815106,0.03740049019581083,0.007973815406445437,0.05585959355028831,0.0033366376290252025
OKE,0.04480016004738049,0.03744024302210629,0.007432902617894989,0.045445138837053124,0.003123184378423317
RF,0.09734259455123515,0.03687192512974492,0.0077558576927500246,0.07753491538148236,0.003912998932084179
PKG,0.0168096464787515,0.037614499222066056,0.007493389044645683,0.021697322172517634,0.0022296847040486683
CW,0.021465654318731937,0.03685325873964495,0.007472057837023165,0.03066900827236507,0.0026777839169899557
DRS,0.023087099163949833,0.037397481755531176,0.008205141358784217,0.02175962474844209,0.0022350380148979834
STEP,0.04153856186388962,0.037450983527432674,0.00747341678435716,0.05218372829466821,0.0033034356446948587
CADE,0.08848551361297552,0.03753965160604412,0.007585553560163845,0.07485534875362816,0.0037378064870106768
VERX,0.013692819861347323,0.03740330931011023,0.007482052152286132,0.020645193663580814,0.0021535836496694846
PIPR,0.10640696368440462,0.03766918958566607,0.007429880192070207,0.0954931191971529,0.004158878254397361
ROAD,0.01249287174650953,0.03763208500603251,0.007872564555535826,0.021662976265020017,0.0022954479852931183
KTB,0.005382450930663704,0.037608715634655225,0.007687506312589768,0.005204886508567888,0.0010997445036805874
PLXS,0.04026715861539155,0.037591948227866254,0.007772831560760173,0.03669238681968929,0.0028777799506580527
GVA,0.08606425142486103,0.03730001817269863,0.0077282375311657795,0.09020881450442084,0.003974185417809296
FBK,0.12379287068581929,0.03731316964230764,0.00756338323512447,0.10291816216977195,0.004004199672341442
WWW,0.00844948786955579,0.03729582424820731,0.007909148453512482,0.012514793535156608,0.001773085903567597
USB,0.029653502563604352,0.03739269857667723,0.007946328772927641,0.026825990249072923,0.0025198231373304344
EWBC,0.05394586671889737,0.0379820146837763,0.007420351892368102,0.05092552249031317,0.003368062272395085
BANF,0.11551738498181506,0.03757424742942538,0.007968785773420166,0.09465521724838613,0.004093410802795074
CATY,0.05525382765178205,0.03717632351553961,0.007708225189605247,0.049337838130100196,0.003331965238447058
FHI,0.0007179903206434518,0.03733539967978219,0.007721343104800476,0.0010272729292795718,0.0005069843090745405
LC,0.005997543090808045,0.03730559459539772,0.007653088703495356,0.007306705674940281,0.0013573982424801485
FMCCT,0.0002514658730784397,0.03755107107744478,0.007622904476841269,0.009442079299622127,0.0014895018957299126
AXON,0.012525977473814402,0.0375144625056593,0.007512585363900946,0.030906086791397204,0.0026104640980634253
SOFI,0.000863942758517179,0.037422868982743274,0.007800167471344453,0.016606425629544445,0.0020350895988972247
SEIC,0.00168093684331102,0.03736520909539397,0.008035685692597213,0.02271795255011765,0.0023443828509092145
DAVE,0.00019499928973716024,0.037456018084936246,0.007680606699910084,0.006269872821914754,0.0012056738581607389
LMT,0.00024014996488325353,0.037417217345740376,0.007867604842977842,0.0010634852448595446,0.0004947136517144704
SO,0.00020982712142396582,0.037604157587759264,0.007769945657282814,0.012433190855969263,0.0018001281638818048
AFL,0.002635829015896368,0.03742506702862074,0.007701386017442267,0.031630066977295396,0.002594605860660136
AEP,1.7797941285923523e-05,0.037372739879853976,0.007817659456251388,0.0032124231608915595,0.0009193720667234779
D,2.7947660823599378e-05,0.037453143795035414,0.0077757900011465545,0.003161401295716973,0.0008796381795000015
AVB,0.002745653321246265,0.03716984899147596,0.007674807594620541,0.028725414859836616,0.002586739527602024
VTR,0.0020731049964473917,0.03718527266716608,0.00767166570978113,0.025628243959044734,0.0025081839656412074
EQR,0.00037524343724952027,0.03721575972122265,0.007600690251656635,0.014477863305464795,0.0019134410806185742
ESS,0.00023162552903815257,0.03720878786821481,0.007637353543286965,0.010435513345780703,0.0015804646606892377
DOC,3.4348235837135353e-06,0.03765078450146271,0.0077764857023564435,0.004224380774520039,0.0010091469828965138
CPT,0.0003519595370939746,0.03748291270126578,0.0076888278581156945,0.014589043494181182,0.0019208558363297999
PNW,0.0048247407077553935,0.037434966701839184,0.007810104821442455,0.02959766389745307,0.002593345849396351
NFE,0.0006413973763444844,0.03699985365730987,0.0075910117704337775,0.013485747123448355,0.001812560534331686
CVLT,0.01911493760641034,0.036993703034693466,0.007707052944652591,0.02466141638756656,0.002439245931094917
MO,0.01585131994580635,0.03762977738202382,0.0077961419711245076,0.02870202719331702,0.0025371882372582635
IP,0.008229431078509982,0.037437782410227355,0.007555960983090328,0.01459640322468059,0.0019755589868993514
TYL,0.008378533380083692,0.03742521076865517,0.00765943916737296,0.023708175821839098,0.0023697281309688653
EL,0.0009888603977601966,0.03753658004856458,0.007417211341946902,0.006315556099847336,0.0012802329330342083
MAA,0.0017696639521408368,0.037320635831360825,0.007931769325592718,0.0207512939948464,0.0021549819482626926
PPC,0.0011763649533318543,0.037163489760612435,0.00751922122065094,0.004217032058105619,0.001009514763210913
ACIW,0.07334533899514653,0.03725451490007058,0.007745689869930989,0.08027151959068808,0.003788778750199775
IRT,0.0004526090893312232,0.037395765757557174,0.007722541421877065,0.010474649198286279,0.0015865820169187854
CPK,0.041449189831653584,0.037136226003869025,0.00773941109368539,0.04037681771795221,0.0030468356471082263
BKU,0.0788847411399349,0.03755010361756288,0.007617114061429254,0.0677219035131435,0.0038209545729946306
NBTB,0.039596542458574475,0.03740720617639859,0.008077434014789912,0.03869029438947025,0.0029521835319191903
LMAT,0.005510749218541172,0.037208706735046504,0.007931895673201812,0.011526668679724869,0.001702223067295337
BY,0.06604322130604837,0.037328408615886745,0.008119470653870179,0.0594538737457748,0.003631426556530129
UVSP,0.10381145106072628,0.03756365192710297,0.008029604224374967,0.09298076174452123,0.004089709117986915
CTAS,0.0012664080174420909,0.03731687863739615,0.007719911558250182,0.01139280975279796,0.001611048383096332
FICO,0.014940870865866235,0.03774178018231898,0.008086122377636723,0.023826120738734254,0.002301778626228381
FITB,0.08155056405191416,0.037346632551648815,0.007694098201295938,0.07128588744103367,0.0038011409732653816
CINF,0.030218030036118206,0.03737660517398533,0.007648933298439886,0.03080319831229539,0.002628117855624771
KIM,0.009234263955085704,0.037344320060947296,0.007408650381360364,0.0207292608053949,0.0021974592341950597
FTAI,0.0009125273855407596,0.037025240584762684,0.007450190788341402,0.0020940732178687895,0.000720267589322101
OHI,0.0027928846660728863,0.03719389324151064,0.007528386888087402,0.029873470391348026,0.002664624137278007
VNOM,0.005999809096432727,0.03776253333342465,0.007559412693733786,0.00842974262854407,0.0013677274184467037
ARMK,0.003465436647467502,0.03722363315458921,0.00778874575589143,0.005246906434394999,0.0011470908933875939
WAL,0.08934059179335475,0.03743057508649645,0.007905715874502723,0.07660752469403755,0.0037965483757750854
MLI,0.05667209665491369,0.03716998917651814,0.007927461054114937,0.04256261887896022,0.003151440679928251
BRX,0.020514145808760705,0.03803147066387493,0.008007851795141768,0.03370636091719401,0.0027747940117708635
INGR,0.0028918868292428243,0.03713141926678015,0.007685793410761633,0.007367644175004301,0.001370941457739047
CSWI,0.009108105532725286,0.03729673716834691,0.007463371948793216,0.016618509805411803,0.0020582312492459696
KRG,0.002358919958265402,0.037245408702496666,0.007785498511589195,0.008487419052931648,0.001498895316535615
SLG,0.0021969014370342523,0.03765706393853248,0.007920675076852448,0.012477675405865753,0.001768402904142115
ABCB,0.09840663605583676,0.03736121342154198,0.007964577330884084,0.08783720124290768,0.0039558443597350725
CNS,0.006765936485766668,0.036974787729006406,0.007560286151624326,0.01868404219421263,0.0020596485233575442
SBRA,0.002307932616925895,0.03792082765763995,0.00765494255853119,0.016621706525772637,0.0020189777911029322
CNK,0.015728710156445783,0.037316733988675126,0.007724198528743738,0.02074518362238826,0.002224573176906957
CDP,0.005539455796429568,0.037245829870109305,0.007445121985915631,0.018651957747022677,0.0020854056947368724
AKR,0.05471833643818264,0.03715226664269112,0.00773520708548198,0.06035824942332373,0.0035248693396340127
UE,0.018317051369082474,0.03766976591875198,0.007883982686162206,0.03181657809743604,0.0027904564700457707
AAT,0.0021384425216596243,0.037105129701382356,0.007814772935070753,0.00626861371128582,0.0012618775130304287
PRM,0.00532577998417174,0.03761241081905731,0.007434626477009263,0.018523369352055775,0.0021257404419402904
SASR,0.09542252222819154,0.03707678192754381,0.007733477386244678,0.08703213154401238,0.004023863204810172
QCRH,0.07993546632436471,0.03748208905843678,0.007643823856926482,0.0757299660005718,0.00401182918822685
FBMS,0.1072979093599791,0.03765684081809685,0.007822443535320295,0.08534623512389146,0.004081157981170628
DTE,0.00031873456985431016,0.037454047310585825,0.007599251179144799,0.004174453419160056,0.0010326464859155048
CMS,0.001026977121370249,0.03739167761865895,0.007557047957278144,0.01047639234460412,0.0015677489665839105
EPRT,0.005054084983970586,0.0369274732336851,0.007879652664190318,0.037632690616883124,0.002971572648941513
EFC,4.069237104142879e-05,0.03758894907773464,0.007718270623427611,0.002070735726380743,0.0007562150238086226
RDW,0.0005881329165995401,0.03805561337298035,0.008020364001061427,0.006284277632164368,0.0012343176542628782
KEY,0.05305257885050499,0.03758173630914877,0.00789999079722616,0.043331457840547476,0.0031081857291230487
MSTR,0.00021222471064627585,0.03738640193660338,0.007905726517596086,0.003120309531428752,0.00086984089837116
OWL,0.0004266611770941723,0.037131213403900895,0.007704069856745468,0.0021080883350809965,0.0007232716905978556
RJF,0.0006648981642849603,0.03740227598405924,0.007455762714898038,0.011472831801928792,0.0017032014092271935
MIR,0.0002781245193119062,0.03729428807323352,0.007649532640286781,0.006346638118548105,0.0012667438491802067
TGNA,0.0006035355325298746,0.037208523380125,0.007897226388237168,0.002149590418678953,0.0007354855311002044
HIG,6.656930115428501e-05,0.03747697505311717,0.0078106130571827335,0.004188123911194553,0.0010453220788819884
EHC,0.0012860784414039752,0.03720778287942935,0.007654466141635261,0.0073558013478416395,0.0013656306567761784
HLNE,0.0007222127208689253,0.037424459610615975,0.007799638010245951,0.005236476128696499,0.0011562981163802464
BKH,0.0027089570333757914,0.037121172580554494,0.007768032075902438,0.010453984400682806,0.0015435588716763656
MRVL,2.013198570329437e-06,0.037650560414074115,0.007647649473897234,0.0020704753443965417,0.0007416315514333586
CRDO,6.222304849176787e-05,0.037206458202992745,0.007403758595661477,0.0020847341306503456,0.0007204230472850136
IONQ,7.821186953221392e-05,0.03736260691964723,0.007719815081879744,0.0042031903295167315,0.0009672312543369327
GHC,0.008083976296838775,0.03720022931570414,0.00785705643340407,0.014529117718431536,0.0018411621302050654
REGN,7.398936525982382e-33,0.03728514880966006,0.007805767691819081,0.001045310427206561,0.0005208323103510938
MYGN,7.398936525982382e-33,0.03728789366068691,0.007387706876031754,0.0010676947682996916,0.0005021963356360815
FCNCA,0.02825949513940531,0.03769990964634953,0.0077652216168540115,0.02176078595670528,0.0022640013855260393
SSB,0.062440418680479996,0.037365558460471564,0.007941582168423746,0.05492585617359276,0.0035269350661300543
CBSH,0.07087206935463002,0.03775601738472588,0.007660459640861394,0.05769387409711686,0.0036054229305021485
PB,0.10507988896168734,0.03727167571444461,0.0075698930466554445,0.08543270709524599,0.004087435226703894
BOKF,0.09846878686198575,0.0368636919736771,0.007330764891912735,0.08005728762382615,0.003908441916471984
IDA,0.03086891745569584,0.0377401329046033,0.0076782703010359376,0.025746471043690163,0.0024467614772788315
HOMB,0.09157066172429097,0.037081929338862105,0.007820368148137342,0.07398508312198807,0.003921449701422296
CRVL,0.07443970507360882,0.03731416940414576,0.007822163667250817,0.05303253340984109,0.0032971867688109478
FULT,0.04145843639683957,0.037581551946176774,0.00752044978627181,0.035659499547007555,0.0028040016268991975
EBC,0.11342022387583166,0.0375824940989093,0.007717930277760067,0.09021373445218026,0.004123308176991514
FHB,0.06389933574975973,0.03715819837354393,0.007432353121424698,0.05410194658972115,0.0034166127353479816
CBU,0.09911944501430117,0.03797515349723371,0.007800135093967073,0.08303714859909588,0.003837873059138549
FIBK,0.09770382703819513,0.036802541974204586,0.007591999130867004,0.07947851785250792,0.0038719083388808603
INDB,0.07918571065148472,0.037468599560671285,0.007987191777769182,0.06420914435344327,0.0036608012904645387
PRK,0.038452581413956466,0.03771975162866666,0.00798183110214349,0.03834018177460302,0.003055455894412813
FFBC,0.0928106148234354,0.03724534229602442,0.007583399299653831,0.0807962577348986,0.0038346741568983816
IBTX,0.08480357197490745,0.03752640638525418,0.007801361608902502,0.08359504738837978,0.004062688753082528
PFS,0.05698217531274183,0.037309155012062556,0.007721570554227322,0.05394417701110353,0.0033189391556535494
LGND,0.037924322930258623,0.03704042319750191,0.007667604196878088,0.028608072691299696,0.00254599348435096
TRMK,0.07086532575392229,0.03779079259353918,0.007779766278706277,0.05592052404565664,0.0034822177591776844
EFSC,0.11154745748122723,0.03757570058277086,0.007629744887693503,0.09040106360833831,0.0041714701752647056
NIC,0.07121827987640596,0.037053883024779424,0.007513965039840116,0.05776628904258476,0.003531266125220655
CHCO,0.056763737244401806,0.0372453758574493,0.00769555740744764,0.053154088684233776,0.0032722628995374508
GABC,0.056088010001570696,0.03730313913669098,0.007793310030873848,0.0520668361647125,0.0034397859503410436
BHLB,0.10250598356611397,0.03770262624874214,0.007884129268961301,0.08785294589938021,0.004032372280337335
RBCAA,0.08132290966640458,0.03728349997069016,0.007837988723697177,0.07050277648955913,0.0038624276054569765
PFBC,0.03433165154231876,0.03708682083447438,0.00769077874643923,0.03272225702007023,0.0028147142092513097
OCFC,0.0473925240294791,0.03729808807934869,0.007758046410542313,0.04064443417794489,0.003021861516508143
PFC,0.06141622272198688,0.03718522047504446,0.007728382396128908,0.05106945080236786,0.003320173833376729
AMAL,0.08688864761153328,0.03741480591626672,0.00753191871388067,0.06702693345296777,0.0037060296739408545
CTBI,0.1125770520164857,0.037324873375381054,0.007654354977950979,0.09220941455392884,0.003944871105497098
HFWA,0.10012298888576278,0.03714458086358873,0.007695019852983245,0.08114008966069365,0.0037919546462244175
PEG,0.0009598342143219697,0.03748104822329976,0.007908317137644104,0.010404540792156915,0.0015883128729370626
LII,0.006174095283018252,0.03749313395301654,0.007522034270790006,0.0072498896928784315,0.00135289857226019
DLTR,0.0015518804580639623,0.03727691465622845,0.007930390133452698,0.011406153620236758,0.0016296562497880747
CHRW,0.002695407107464478,0.037406947951461086,0.00739378124388617,0.018576848502781476,0.002140549156761634
CAVA,0.001027567259424485,0.03696803955890735,0.00793543932305575,0.0020878068828408627,0.0006871908232630434
BDC,0.002834249906765535,0.037171512822806875,0.007690448735772669,0.006218344273791248,0.00121445990036913
ADMA,0.0020863684702927196,0.03764562459240088,0.007247366223466723,0.012539941013126374,0.0017414470861109276
CORZ,0.001330148288962424,0.037151435914482174,0.007688842999884964,0.004299448693614374,0.0009895683766955056
EIG,0.010074905700992143,0.03738805364172389,0.007599812600989624,0.010479613638196458,0.0015758799425043286
MTZ,0.006260829033550009,0.037525878720128074,0.007476227964021327,0.013612882552563078,0.001805337472257727
COTY,0.0034362959893572196,0.03704019401265849,0.007850974067507156,0.007345747172831893,0.0013518501683785367
MDU,0.011432484446433773,0.03770087510141553,0.0075960000623517335,0.01851189683378084,0.002070241403470844
WGS,0.0133335258344476,0.03708921442273606,0.00790638767370906,0.017618651739603544,0.0020937131346249805
PYPL,5.072271110580676e-05,0.03765930468716943,0.007647735386241744,0.001023542629705842,0.0005173406271913124
GD,8.457199034720611e-08,0.03748201207337328,0.007701514891743324,0.001081501498043656,0.0005030290130055974
PAY,3.042037795441626e-06,0.037251537996273544,0.007783829976934332,0.001055950419595191,0.0005021653185487405
CRK,0.0003208888180474486,0.037364670059884295,0.0076872235322181,0.005194515715140647,0.001137436180557249
UTI,0.00021556790293617023,0.03713589851285676,0.007630288274278127,0.005248094021683404,0.0010995691116320904
LQDT,0.0001822620897733371,0.03755883217063573,0.007542002827404965,0.004227960733460128,0.0010023109479187042
CLOV,0.0016528291829063292,0.03788634781516319,0.007743587062562358,0.0020852911182814514,0.0007399552744275657
IESC,0.0021834903462900576,0.037444991252716504,0.007923493889385487,0.004217147216250867,0.001010311996463547
ATMU,0.0029465442039823364,0.03746648119849766,0.00753300706681113,0.004192925148526058,0.001008927065776044
USLM,0.006827886390071647,0.036679127475811396,0.007805430118850254,0.010389807676017725,0.0016030756782297842
UCB,0.0489799233520517,0.0374079747399051,0.00757148098562931,0.04037750130181365,0.0031013648159691483
WSFS,0.02876306245295721,0.03718453963029936,0.007694570781103214,0.03042471127172456,0.0027071352173336526
GEO,7.603440957016642e-05,0.03806176390152254,0.007931402286391082,0.0020859126000451447,0.0007212553764634714
WRBY,0.00033235234869103455,0.037794395775220355,0.007942209751249412,0.005316051372672554,0.0011624444367160853
LNG,0.01057246928311317,0.03761663693479023,0.007762952694682818,0.014489200068921142,0.0018363735413255433
IRM,0.0004839355258735931,0.037405560409714794,0.007603981289224587,0.012542537229566362,0.0018021431249492775
MTG,0.0006003886081082015,0.037064610904384336,0.007687497838461157,0.009403056788920254,0.0015385125682698187
AMRX,0.00021284157492552143,0.037208602195831345,0.007916215066159606,0.004200702282341072,0.0010364615128200033
ICUI,0.0002954050849434745,0.03729071818683167,0.007806808411738148,0.009491752439860243,0.0015414892791119688
HIW,0.0004460418307671722,0.03769232916343202,0.0075948791414653626,0.011478994817778412,0.0016735139361055394
HWKN,0.00045940350505833916,0.037475262739773814,0.008306497446234516,0.006240177191264654,0.0012403656938355723
HROW,0.00034171844084245263,0.037824585356524096,0.00784132946377142,0.008392143319203122,0.0013849367134764782
MET,7.398936525982382e-33,0.037400511630031004,0.007880748174577635,0.0010660233148416206,0.0005022321280961147
OUT,7.398936525982382e-33,0.0374920377189966,0.008041715548559257,0.0010740860691593195,0.0005204262174123297
AYI,0.0002982429123224986,0.037185085912240484,0.007573762461185125,0.0010626152339183992,0.0005198732327968571
IDT,0.0002982429123224986,0.03777884094765168,0.007926560586456386,0.0010482089008777215,0.0005196682256223865
DLR,0.00027688881878917224,0.037240802257471936,0.007682048941882809,0.0020686704172050868,0.0007086973145568483
ALL,0.00043303130882894875,0.03716699291970786,0.007736307841289139,0.001038195618780563,0.0005190802068468797
KNF,0.0003882470100384241,0.037399604503618976,0.007703943859038229,0.0010602023335098498,0.0005082995571540621
GATX,0.001712866326233846,0.037727364566229826,0.0074908642097775875,0.005232029027560893,0.0011698071115397932
NEM,0.00024014996488325353,0.037039507044497155,0.007683685784502525,0.0010287386586124586,0.0005126343535234249
CPRX,0.005685309732173503,0.03720946270812142,0.007963207201581215,0.0063479050493038276,0.0012346511314391911
SRE,0.0013181738882070328,0.0372740017662456,0.007743903359124419,0.0010602021978366814,0.0005137450199342809
SNDR,0.014228462073846954,0.03705587902445613,0.0075231961167774395,0.013523582180102302,0.0018539617640881492
OXY,6.893404902619726e-07,0.037555991670731245,0.007714296999059022,0.005250923288978454,0.001091086353777761
DVN,6.797343275269207e-07,0.03750387007062592,0.007686617331002845,0.0032096271699515572,0.0008662904098688949
APA,9.879732708779418e-09,0.03716795940230793,0.007307704502508143,0.0010701627437496649,0.0005217369767194005
CHRD,4.605894638375129e-05,0.03713976231126802,0.00731945555928774,0.007317504417390858,0.0013726592959304432
MUR,6.805906182094369e-07,0.03729996154839562,0.00742843517880231,0.00420313921675689,0.0010242918706426403
CIVI,6.699800076189587e-07,0.0378901768107165,0.007643687251541518,0.002129083250401827,0.0007326671175493602
BROS,3.0623860709186366e-05,0.037732067439492055,0.007605084684273333,0.0010389516045686898,0.0005172584186709933
ALHC,0.0003455547506802853,0.03726196447969312,0.007770991822984047,0.0021121659801281926,0.0007508286483417289
RBLX,1.95615570396812e-05,0.03722124497327664,0.007928272482712901,0.0021107300920612864,0.0007353470230836773
GDYN,8.790375213979237e-05,0.037455161065055205,0.007815315082212821,0.008404605027486604,0.0014302619513128117
JXN,3.219123720754095e-05,0.037650256069144176,0.0077271752726257616,0.0031566208483443914,0.0008807576645303502
PGNY,1.3755046092619323e-05,0.03735932895503429,0.007500143530615113,0.0010445789747805187,0.0005154314835068642
DOCU,0.0010607982648521482,0.0371238278652873,0.0075564115941299925,0.009438741761853007,0.0015467462820307433
UPST,0.0038819353844388657,0.03719073760834292,0.007835040844139078,0.007355256497363591,0.0013430394392544597
TILE,0.004712279872749014,0.03739545330703423,0.008034627604883784,0.00938127955922074,0.0014933410018741233
DAL,5.7358733892788685e-05,0.03755118112042943,0.007481046258290828,0.0020935872833392475,0.000709325795962621
PWR,1.7872079044513202e-06,0.03737720579066702,0.007684250805901327,0.004199793935594705,0.0009994626412642349
VRT,2.56162583748538e-08,0.0372958770990043,0.0076778729771555965,0.001039910483776764,0.0004929322602681491
EME,9.024924219810665e-05,0.03766580129342444,0.007594114282817354,0.004148730464287072,0.0010316605098320128
FIX,3.2636235678577915e-05,0.037375040071642406,0.007991598138258215,0.0042062754628886265,0.0010013368153736948
STRL,1.7868459015366015e-06,0.037325328155472744,0.007764273980554536,0.003169167550377268,0.0008674391010515565
IDYA,0.0018487397355258259,0.037368771413922815,0.007974154032583993,0.005234149019834396,0.001127393753216255
K,0.0026987605789039045,0.03731505567209298,0.007713821656539523,0.006294175082659661,0.0012155051496429122
RYAN,0.00014270870453878706,0.037095758077841594,0.0076786009054096525,0.0021115265515135252,0.0007329759281390372
EXR,2.7246692280912905e-31,0.03714067486985566,0.007739578614091698,0.001051151426911538,0.0005161656580985156
NSA,3.8532641753473344e-31,0.037439298380561085,0.007513462802113447,0.0021254904367305648,0.0007308508608036541
NCLH,0.00011943260715251525,0.037262580510916896,0.007895427256966165,0.001061824680760829,0.0005241535127525922
HEI,0.00024014996488325353,0.03772936853192711,0.007852357741275304,0.00105667828546294,0.0005113778765781298
UDR,0.0003542501706100115,0.03731383140383592,0.007773334119936602,0.012526634982582455,0.0017452196386452672
UTHR,0.00320662199327697,0.03722692825745982,0.007698457788743366,0.008374193121182271,0.001476383439898112
SNA,0.0010561685127592163,0.037628367722072883,0.007885620871723254,0.006261944930055209,0.0012744047577729547
BRBR,0.00018160969649692906,0.037588785709444385,0.007929411755883572,0.0052354070798206155,0.0011603993712806274
GBX,9.530516676013216e-06,0.03766667033769824,0.007684222985916563,0.0010542129772205774,0.0005098856790663498
NUE,2.9541407401345685e-09,0.03750472430907368,0.007656250051967306,0.0010654350573289643,0.000511976528992854
CLF,2.0615042589551196e-07,0.037241968008846354,0.008017615542901192,0.002102465501393849,0.000709500715607619
MCHP,1.4920720945158135e-06,0.03729950406859897,0.007439369546273665,0.0021225545713215665,0.0007189358765635318
ASH,1.618551034337932e-05,0.0375039595600243,0.0075588080809677275,0.0031380525160337493,0.000858834029859724
EPAC,0.004303245072026974,0.03731157099488672,0.007698564707820205,0.006293144196730326,0.001241812805728441
EBAY,4.789272803532419e-06,0.03728565035265936,0.007668230082219104,0.001061577729914492,0.0005258734442367089
VMI,0.00454962783879617,0.037669926900101784,0.007892020484525546,0.007316143337674942,0.0013549832355774071
TW,0.0017303973615290873,0.037381040988081295,0.007800609391417052,0.004228549285705455,0.0010111067737673582
NXRT,2.5356788794025366e-05,0.037380085788945396,0.007376720285364541,0.007352667231402154,0.0013837422385791147
NJR,0.0032686925845674735,0.03736873274694829,0.007601600011486311,0.0062809158491408225,0.0012084287238915369
OGS,0.003279209176998054,0.037322163242387005,0.00771898914415579,0.009388157157916886,0.0014999871028742106
MGEE,0.001168638400802542,0.037157958300443175,0.007505564977508527,0.0010308137707540218,0.0005145323768179169
FCF,0.033620985465733035,0.03736568993050999,0.007541667971512773,0.04341570378457125,0.0031371848325095035
FMBH,0.018929513325888856,0.03705938857156945,0.007919273594596562,0.027786488025313746,0.002517159903089363
EQT,7.398936525982382e-33,0.037195214817928715,0.007984916698510106,0.0010516770283988284,0.0005280526279836271
EXE,7.398936525982382e-33,0.03717581863274166,0.007842038618999755,0.001047690899870049,0.0005076937116009547
AUR,0.0015037957977996307,0.03722388470755368,0.007603017874818339,0.001066527416947904,0.0005324648227109412
WOLF,0.0002763267340345484,0.037616063060675074,0.007672614377019797,0.002119543743319931,0.0007237769742307617
SR,0.004082959607441312,0.0371483412686893,0.007718320339918767,0.007234980991720656,0.0013488862878278985
CTRE,0.0002991262361214343,0.03771599086522731,0.007603477544886554,0.007414767413662267,0.0013267399138605048
BWIN,1.8528856032255554e-05,0.03753965281608191,0.007744947268840207,0.004229067174956389,0.0010157454210410089
PTGX,6.381141293393026e-05,0.03763611012431127,0.007451797728363997,0.006248757862103845,0.001219950010689415
PDM,0.000369744017454059,0.0372185429419676,0.007501499970422498,0.010540947372840432,0.0015870186402545472
DOV,1.148118699178229e-06,0.037227066408970756,0.007766594394605457,0.0010497140793015217,0.0005125846811644212
CR,8.011565113625368e-05,0.03696355715618339,0.007805360136421962,0.0031274584082868514,0.0008610741925190541
DOW,1.666842417817035e-05,0.037554780154626356,0.008021475860367262,0.003172797654226972,0.0008698389469032866
LYB,2.3893087933936846e-07,0.037573957518482005,0.00766318326427522,0.00104852674797756,0.0005056387577401019
WLK,2.3893087933936846e-07,0.037504812526308044,0.0077718745579671445,0.0010729370906686316,0.0005070268880444566
CE,0.0011624540989410358,0.037113339263096214,0.007684732850607848,0.006326600835714247,0.0012606517900030539
LEA,1.4382716878934535e-05,0.0377544131060569,0.0072807780464273,0.004214399588003023,0.0010493533984901775
CVI,1.437689266314751e-05,0.037443355676587575,0.007406295852042701,0.0020560464665594223,0.0007339754348787181
KSS,0.00048804748728192165,0.03705316468298933,0.0078061153518905425,0.0010716278369209528,0.0004931498202154705
RCKT,0.001942783818021673,0.037451602059153814,0.007594558588950532,0.007352010692482376,0.001285191842959794
ASB,0.008486015223753607,0.03759243328179369,0.0077716939659764695,0.010397181519311356,0.0016268807198149653
CVBF,0.011634988952403915,0.037585172245637066,0.007661651079516867,0.014611919060594163,0.0019233988601206962
ATSG,0.008799700177475304,0.03745896561252056,0.008008241989599594,0.015595551345801432,0.0019164517339858766
HAL,6.060911554595509e-08,0.037097724232901225,0.0077314596894027246,0.0031522199810881243,0.0008919040605572652
PBF,5.1002952810903195e-08,0.03715237349644525,0.00752893342902506,0.003095677294276769,0.0008875444439966455
ATKR,3.497754701223072e-06,0.037400153873253475,0.007850554501548654,0.003137959200361905,0.0008485363820328419
ZM,2.0623901409004047e-06,0.03777235320447336,0.007608358859321861,0.0010446754896168695,0.0005020484633420978
PTON,0.00014386980833829742,0.037662356248089876,0.007607095159456625,0.006354077829071709,0.001263670562282199
DX,1.540975463222636e-05,0.03740992208888948,0.007403335895200391,0.0010378814208063122,0.0005084914185455435
CHH,0.00237907143480195,0.03751384684110244,0.007568677307285503,0.0032007483838108605,0.0008921637856583212
NRG,7.398936525982382e-33,0.037403979127188236,0.007786622583376809,0.0010520941309496328,0.0005139653167033282
AM,7.398936525982382e-33,0.037579509227218776,0.007471191237643666,0.001077591183102011,0.0005078800858870772
NVR,7.398936525982382e-33,0.037307269940811225,0.00783127950088659,0.0010650387263184413,0.0005167991373438305
MHO,7.398936525982382e-33,0.0375935233456475,0.007356591517435939,0.001072606840355048,0.000513919731193358
BIIB,0.0005705789050750204,0.0375639057127996,0.0076250050094297285,0.0010671521870540526,0.0005168130160637159
BFH,0.00560427117542336,0.03721563878363928,0.007400189594456065,0.005203796059255022,0.0010898538482766562
Z,0.0005815089850025957,0.03733442365886606,0.007752910647020037,0.0031199835764059588,0.000854098458545783
FOUR,8.334005293214597e-06,0.03716817358729639,0.007591393633425883,0.001040350186270613,0.0005147458728450521
TWLO,0.0001733765133406357,0.03740380276145631,0.0075247177558616825,0.0053065857349893384,0.0011778463590934665
PL,2.261257862177854e-05,0.037510637621967616,0.007551581712388692,0.0020724085126444755,0.0007160994649113423
L,0.0005925521184321137,0.037435699721509993,0.007562192943360572,0.0010247951098001384,0.000522675838548137
TRU,4.296899927213593e-05,0.036798056018424445,0.007423603005512671,0.004189664646496829,0.0010251022651233588
FNF,0.0021716668732266716,0.037514070866512025,0.007888045505441062,0.010436627020302467,0.0016377022334050334
BXP,0.0001037014184467334,0.037485409741560415,0.007444817370689274,0.0031066441359056556,0.0008811189783598967
NMRK,0.0004277821887621532,0.037438293065168965,0.007732087035768414,0.006334575192570658,0.0012285721027794697
WBS,0.0008169572710219181,0.03730017468648566,0.007548554450803359,0.005196415923735977,0.0011172427606611919
FAF,3.111987813569436e-05,0.03714231988616414,0.007738777823917655,0.0010734655560179834,0.000520684538708582
GTY,0.008932417293421166,0.03735935675802427,0.008054416374351702,0.021588424472089317,0.002211573927077337
ALK,3.4851579687139546e-07,0.03713982695074645,0.007619312457860977,0.002119866662383596,0.0007022702812782225
AZPN,0.0005253699152675303,0.03732547021769333,0.007784986976000081,0.001069708880654296,0.0005018326824464678
DG,0.0007353083521381581,0.037324230931188015,0.007875538754913038,0.0021031906443080704,0.0007232315934351336
FYBR,0.002148458733712631,0.037255004919638866,0.007572808637863467,0.0041936408620107425,0.001021059560591969
ZBRA,0.0016257918073853202,0.03755080165981614,0.007588277971826039,0.0021187876352833984,0.0007245393700271492
LINE,0.0011751938837868557,0.03763789025814193,0.007936639772081767,0.008359550839418655,0.0014031966962713544
U,1.6843313361099582e-05,0.037551022333100294,0.007838955234367064,0.0010569624548441641,0.0005175878609912221
SRRK,1.6843313361099582e-05,0.0373762804947374,0.0076971412707695286,0.001031182430767819,0.0005084581328595359
PZZA,1.6843313361099582e-05,0.03724151868583637,0.007612586591570391,0.0010546618072733952,0.0005098042582575694
SVV,1.6846774700633682e-05,0.037269113685040926,0.007877649597884794,0.00207335365453741,0.0007132390231247665
CBRL,1.6843313361099582e-05,0.03745478805493752,0.00759347877208383,0.0010545784872299454,0.0005252694511053336
CASY,0.00043685206682252917,0.03722486535196294,0.007817846770531283,0.0020723969839579505,0.0007560255233198753
FBNC,0.041546286002146,0.03830278517096905,0.0077444503635378465,0.0405660764103006,0.003037113985000596
NWBI,0.016067718386485984,0.0375612056742398,0.007602004813396109,0.025794990655155368,0.0024921813220153987
TRUP,0.00021170712377324873,0.037085274570423495,0.0077565104575832875,0.002112593160607763,0.0007201121254872744
NHI,4.336158459929944e-06,0.03779973739512443,0.0074769978135418224,0.0020724334602206496,0.000745884399109906
NMIH,1.7253792076097142e-07,0.03740246130428962,0.007861230929676598,0.0021023602884498215,0.0007176875872936056
PAA,2.7246692280912905e-31,0.037328814618746584,0.007428652171696971,0.0010544427623968104,0.0005048708213921453
PAGP,3.8532641753473344e-31,0.03740686660485251,0.007586414275897072,0.0020798894939417813,0.0007439888445807397
BJ,2.9870532779791938e-30,0.037457519864548046,0.00756080654918867,0.0010644514935073597,0.0005264934680081911
BBNX,5.1737280423650344e-30,0.037339001442046,0.007405711998089045,0.003127393578174145,0.0008753590247703873
BOH,0.035072976137086834,0.03752623534400565,0.007747693911238642,0.031651689987335835,0.0027443329218887285
EDR,0.0003680174251975102,0.03752652947074227,0.007507103904695267,0.002135056724546494,0.0007148635206757894
NLY,7.398936525982382e-33,0.03713935017363664,0.007707453927296144,0.0010593820610018852,0.0004901609152626746
AGNC,7.398936525982382e-33,0.03739385819587405,0.00799134131862624,0.0010731004211155944,0.0004968289072284589
TRN,0.0016639853359931953,0.03728967805922015,0.007914901040681644,0.003086336680828577,0.0008654985309800714
RBRK,0.0009715740589615692,0.03701005902960496,0.007780652602319165,0.002117006461560142,0.0007208169508105746
BRC,3.862594952039826e-05,0.03755018946801785,0.007583719058592561,0.0010904085119136622,0.0005158290028306103
CLH,1.8904503541061924e-30,0.03681083372617522,0.007203115694247744,0.0020991053833398572,0.0007044749038697083
SPXC,1.1683625728819015e-30,0.03773061871071187,0.008023967101022223,0.0010326704535119301,0.0005157653657668999
BV,1.8904503541061924e-30,0.03729273525318216,0.007858891182368195,0.0020630470271296524,0.0007275373775710724
CIEN,7.268402790472795e-05,0.037009488696156084,0.007621949418785107,0.004270903263895357,0.000994529993192237
UNFI,9.278590126660994e-05,0.037404635444953024,0.0077164858356945885,0.005235375913408249,0.0011312791772088565
LAUR,0.0009939368508778096,0.03756322718951171,0.007460233218870308,0.0031602694381018706,0.0008883693749132719
TOL,7.398936525982382e-33,0.03754691426620056,0.0074876029328147424,0.0010575920624777654,0.00052507165176334
TMHC,7.398936525982382e-33,0.03773592170404023,0.007824919285651937,0.0010775263291794577,0.0004956629087678916
GKOS,2.5661611414581288e-05,0.037445737045822595,0.007682416808913767,0.001027278017758441,0.0005143523442223725
AORT,2.5661611414581288e-05,0.03731420508910356,0.007628935601828126,0.0010531475215729742,0.0005159225471422366
KVYO,8.75149579269991e-09,0.03744152431894586,0.007641645408015329,0.0010190955454880532,0.0005210649531612462
AXGN,6.105449652545882e-07,0.0373614931915576,0.007702323714561914,0.002117105473449668,0.0007158014558169951
UMH,0.00013821508619730737,0.03756288810588333,0.007801182547520713,0.004194496884485636,0.000992810762973515
INVA,0.0001184850860675767,0.03720211189800682,0.007482049028646968,0.0042273113428619525,0.000986304358079317
AIZ,9.680281584843516e-07,0.037177185419658955,0.00781168020724061,0.0010612409054251727,0.0005113232405882473
RVLV,6.754619055715463e-05,0.03711334390191362,0.007733914857026394,0.0021032768962460585,0.0007387479252880249
LPX,0.002665124820586746,0.03734856474926916,0.0075534688849528565,0.004186726680047327,0.0010146264265400045
VLY,0.0021574350592048564,0.03735869282460774,0.0074322622519006915,0.003120194046958127,0.0008829091972941327
FFIN,0.027568091165373794,0.037104311438000775,0.007717048703859239,0.030837756549803398,0.0026484686405331436
UBSI,0.016964285199202414,0.03729277995279396,0.00788919548615169,0.0207951147732472,0.002158795889100585
SBCF,0.03218034654128568,0.03754442141695658,0.007596625408384007,0.03363774777570975,0.0027269696512358015
STEL,0.03698755906241729,0.0375115000654702,0.007809792222858637,0.03474446015495829,0.0027201765417099394
CNOB,0.005869254510783459,0.03717836628006551,0.007814017484826357,0.0062717914342777376,0.0012106554580843783
SUM,2.409430126359554e-05,0.03734112694254064,0.007556335090748621,0.0010595181481353592,0.0005178563794273933
PAHC,0.0013366034689425753,0.03757854667897821,0.007744679846352602,0.002069072611890964,0.000732405919938015
RGLD,7.398936525982382e-33,0.03741049038196801,0.00777108048263427,0.0010494671460931052,0.0005060710507156841
GATO,7.398936525982382e-33,0.03765418391228868,0.007685000302980144,0.0010673100347891845,0.0005104487845970312
BRKL,0.008028419351265276,0.036998060561961574,0.007892697987588074,0.01552943224076077,0.0018973812398586285
ACA,0.0006061137798599839,0.037592554659414606,0.007412148749410205,0.0010528939279947811,0.0005195344517402019
SEZL,0.0006061137798599839,0.03784483747301587,0.007850002201894201,0.0010252786284150122,0.0005132718529316143
BFC,0.03484354745119296,0.037064039720778236,0.007823913482620433,0.03370049822401771,0.0026990647060789164
HESM,2.7246692280912905e-31,0.03699002922147833,0.007462833334916476,0.0010538287236716854,0.0005097952432344082
NBHC,0.023409374052372665,0.03742568693975026,0.007738153823447766,0.021721857819140353,0.0022714268348242206
CUBE,2.7246692280912905e-31,0.03736290214639679,0.00761003440987249,0.0010830687277714867,0.0005067008274942987
7LX.F,0.0001346236864077025,0.03729332167897467,0.0077506106805691815,0.0021246599387732892,0.000740107464455981
LUNR,6.219418342534717e-05,0.03773732245415178,0.0076315677779862,0.001022399844713446,0.0004948870675625716
FRT,3.578416159350917e-05,0.037530135422689764,0.00750345761389201,0.002127768539054708,0.0007179386365399211
LAD,0.00011504988400705682,0.03727030336050905,0.007664653042554788,0.0010551818380199977,0.0005140996385450494
ATEN,2.800436687804208e-06,0.037311046622518176,0.00782331059693947,0.002082603308105388,0.00072130089001823
KD,4.764289663044618e-06,0.03737618881376542,0.007852626818474486,0.0010284723411315578,0.0005161733911103023
FRME,0.03412712146688886,0.03731421644919501,0.007791172252988917,0.03180583301911337,0.002613304526052797
WSBC,0.016343300563631175,0.037297956483329744,0.007871806743361475,0.018695338440822832,0.0020130852298739337
RNST,0.021808763634158505,0.037572671945412806,0.007843182238928883,0.02264620618967475,0.0023906297341973427
HCKT,0.0012626553778948603,0.03743675284509369,0.007730212826593638,0.0021320602902652687,0.0007239781940798333
IBOC,0.016352601966160014,0.03737790904184757,0.0076534996936974626,0.01951531296178962,0.0021582094309117532
AX,0.013280847827429849,0.037501343737933776,0.00782053776425661,0.017629444435266574,0.0020995538057378272
PEBO,0.01015649917935772,0.03736174050476649,0.007826274239588612,0.01457446340041163,0.0019217905422481392
MTSI,0.00033968456083871876,0.037541848308980545,0.007695244771055729,0.001059919834006877,0.0005054810928416947
LUMN,4.144077071335284e-05,0.037358410362859015,0.007920827189558935,0.0010440157247962895,0.0004944136782375473
FNB,0.006354580442089662,0.03770750406612076,0.007453862606316419,0.009405547636953967,0.0014917920939456469
KMPR,0.0020051647365680555,0.037716533914693956,0.007680770778745503,0.003178899417068222,0.0008554390749392764
HSTM,0.0012384072137116787,0.03707427193919288,0.007500380555198499,0.003196471909404308,0.0008972845845525046
CACI,0.00024014996488325353,0.03738376677869541,0.007447519315961607,0.0010830263940275404,0.0004937395246729104
ZETA,0.00024014996488325353,0.03751801905852814,0.00787009940389554,0.001058573973316067,0.0005101038407748145
PII,0.00019405544861321174,0.03717451870806347,0.007652791387685504,0.0010456951720086139,0.0005141847618514301
WFRD,6.601002749101792e-07,0.037423245425660626,0.008076114183745129,0.0010141829489444616,0.0005083094753085122
MODG,0.0014712791164205239,0.03727485964048277,0.007538504464915893,0.00524645161471819,0.001117044623339039
PEGA,0.00032681377246616565,0.03775094060266812,0.007615934695714534,0.0010489262562791697,0.0005198180208891867
MAC,8.983513702881028e-05,0.037261750538836624,0.007757709779590009,0.002117327468386093,0.0006960943730393599
TPC,4.6130364130667744e-07,0.037835597383743105,0.007598736831033466,0.0010367183341175462,0.0005109651338967814
DINO,2.0610809404395207e-07,0.037200329294469744,0.0074786689118423065,0.0010604625187600357,0.0005375328307655754
NWE,7.242610535828233e-05,0.037456835019741924,0.007671648828530592,0.00104489518297564,0.0005265341328514828
HR,3.633545583980882e-07,0.037338694550284934,0.008123872461078934,0.0010446780694174582,0.0005190704080919892
ACT,8.605935563317982e-06,0.03763282982790201,0.008095480283517916,0.0021530600636401136,0.0006954220939530467
USM,7.398936525982382e-33,0.03722594736522384,0.0077157967500668554,0.0010608004469170567,0.0004992736271675368
OXLC,7.398936525982382e-33,0.037395125180438936,0.007981123251432317,0.00107619590479394,0.0004965833389937155
INOD,0.00034208901183797137,0.0376720160007075,0.007865013901015981,0.0020727896611349747,0.0007327633064524319
AUB,0.004884907855410882,0.03740602520260572,0.007580443808238619,0.012459728040408251,0.0017057244362026725
SBSI,0.0038336639766715194,0.03693709205550833,0.007834695668769761,0.00832104676491405,0.0014260701576910254
MTH,3.8532641753473344e-31,0.037572043624583384,0.007496259535088727,0.002089257430569194,0.0007307131733749356
KBH,2.7246692280912905e-31,0.03735334984349169,0.007570819640869951,0.001029157113474447,0.0005052913424055059
TPH,2.7246692280912905e-31,0.03709777418112261,0.007837801442971864,0.0010535750359542129,0.0005051643826176624
PPBI,0.000313095742934656,0.037503160046100374,0.007837943956399447,0.002090710642734878,0.000753014955799295
LOPE,1.245750032642956e-05,0.03739534702627819,0.007603632777329127,0.001030867336827117,0.0005068663938177822
TIPT,0.006831162851921187,0.03746622989932594,0.007605923746659594,0.005206841806033903,0.0011419720628437293
XRAY,8.473618560056601e-05,0.037235973181652636,0.007642370507291118,0.0031174849041302423,0.0008724588719881001
MSGS,0.0028677539022410638,0.03727889241303796,0.007388486048271143,0.003125202172893138,0.000857193635855234
MNKD,3.1481880570178344e-05,0.03746223047695115,0.007796194610920723,0.0010432467762493737,0.0005140563875586011
NWN,0.0006408154971011199,0.037097545885720014,0.007455558932532339,0.002104166557110692,0.0007323368603665974
TCBK,0.020714011611544892,0.03723940262461275,0.007568124989777434,0.023586196719218945,0.0023495235339119017
GSHD,0.00011504988400705682,0.03755516983631544,0.008005227464618939,0.0010558134338801738,0.0005224111802940187
JBI,0.005384647781733115,0.03689151332704496,0.0074581765228531344,0.006214746201008689,0.0012328999945869375
SRCE,0.01919103573795167,0.03799358526277797,0.007346203860527724,0.019661152942816736,0.0022607759604768725
MCRI,8.899052550049641e-06,0.03700987989138502,0.007657967882550108,0.0010561906940833338,0.0005138800736943348
WABC,0.0005701887204611016,0.037754761490402876,0.007822211668243982,0.003136335964770624,0.0009177853005337527
WTTR,0.00129011214225949,0.03707647763606869,0.00771828332720488,0.002113194583111299,0.0007252175680785733
TTMI,9.809726770434156e-05,0.037517060198230825,0.007428060326943633,0.0010733616242469633,0.0005022467525984964
SM,2.9870532779791938e-30,0.03729249031140077,0.007510374066738689,0.001049153564913867,0.0005173118885520505
SITM,0.0005770557857631254,0.03719693525153041,0.007331303462838757,0.0010763310553516317,0.0004972530597718186
HI,4.234033123324342e-06,0.037806828747663494,0.007679642314640027,0.0020857665107564412,0.0007398980052956982
BNL,7.398936525982382e-33,0.037504987971627816,0.0080944348987404,0.0010155143844228212,0.000518757563422376
RWT,7.398936525982382e-33,0.036987141197993484,0.007936241717176083,0.0010441671531339614,0.0005033002213938482
GIC,1.2145326409047568e-06,0.03743205867596984,0.0077421196416552806,0.0010571953065016257,0.00051382526861827
PTEN,8.695599923861991e-10,0.03722271541148163,0.00792219175214036,0.0010317890176856968,0.0005067897659614693
VTLE,6.068476724172219e-08,0.03793690438703832,0.007809671010032947,0.0020753352509103183,0.0007396442965151025
HOPE,0.0020526432951451213,0.03744911054203138,0.00775609043002318,0.00624200478078121,0.0012434555134747064
APLS,7.398936525982382e-33,0.037387330017127865,0.007987086791741285,0.0010379547173069985,0.0005307439843466771
TXG,7.398936525982382e-33,0.037793694759069255,0.007595071820036015,0.00103242571142825,0.0005053028510615796
SLVM,1.1683625728819015e-30,0.037537246597495855,0.007574555452861404,0.0010347807800010645,0.0005215299730641456
CWK,0.004116993094797204,0.03776109312574854,0.007743898142964455,0.006233918071016854,0.0012453021573395028
HNI,0.001968297908501751,0.03737927013110469,0.007688968936328861,0.0031634193835155086,0.0008919752930004992
DK,7.308778816989041e-10,0.03721659336433062,0.007684213808598807,0.0010603629369836858,0.0005240405776412881
WAFD,2.9413838879861637e-05,0.03728663334221015,0.008097578719888794,0.0010746931083843632,0.0005203287230375543
DV,7.398936525982382e-33,0.03723140580966306,0.007641928373704291,0.0010555728335937356,0.0005128801591289324
COUR,7.398936525982382e-33,0.037224118579636055,0.00775738258628315,0.0010910740495384205,0.0005090184161235727
OFG,0.0010635167255256411,0.03755706137344463,0.007550774578418304,0.003134519335015764,0.0008667526293222296
EQC,2.612754590904123e-06,0.03785115012587156,0.00772168631848915,0.0010660799586143814,0.0005265449660752637
AGIO,2.9870532779791938e-30,0.03734711937854238,0.00786808312245786,0.001062050732418038,0.000506854743712056
STBA,0.0009987584071788971,0.03744050374964285,0.00799182118873747,0.005251348671322475,0.0011412769631913675
NTLA,5.4343576261589585e-05,0.03756276045914403,0.008002818530086324,0.0021331966803487994,0.0007380096705553585
IBTA,8.457199034720611e-08,0.03721884205679186,0.00796009886454277,0.0010581947389211167,0.0005139393728182841
GTII.CN,1.698672670311684e-05,0.0372294212679293,0.007581688887773709,0.0010744404156374195,0.0005221164446450998
INSW,7.398936525982382e-33,0.03741804423220762,0.007562718327700956,0.0010346543283512384,0.0005163989541551237
LPG,7.398936525982382e-33,0.037230863794372376,0.007798473178052521,0.001076133748901453,0.000505875140921457
ALEX,1.600948102897083e-05,0.03710734813049837,0.007564127394091373,0.002102496805060932,0.0006801904051129737
EYE,2.414686556148771e-07,0.0373016043969976,0.00762650527308569,0.0010257941249451731,0.0005181607817078718
OPFI,8.430867609164765e-06,0.03760298232880493,0.007789989200141252,0.0010533158552086656,0.0005025365628433023
